,emoji-symbol,meaning,meaning-indo,emoji-unicode,emoji-name,emoji-name-indo
0,ğŸ˜„,smiley,tersenyum,Ã°Å¸Ëœâ€,grinning face with smiling eyes,wajah menyeringai dengan mata tersenyum
1,ğŸ˜ƒ,smiley,tersenyum,Ã°Å¸ËœÆ’,grinning face with big eyes,wajah menyeringai dengan mata besar
2,ğŸ˜€,smiley,tersenyum,Ã°Å¸Ëœâ‚¬,grinning face,wajah menyeringai
3,ğŸ˜Š,smiley,tersenyum,Ã°Å¸ËœÅ ,smiling face with smiling eyes,wajah tersenyum dengan mata tersenyum
4,ğŸ™‚,blush,memerah,Ã¢ËœÂºÃ¯Â¸Â,slightly smiling face,Wajah yang sedikit tersenyum
5,ğŸ˜‰,wink,mengedip,Ã°Å¸Ëœâ€°,winking face,wajah mengedipkan mata
6,ğŸ˜,loveeyes,mata cinta,Ã°Å¸ËœÂ,smiling face with heart-eyes,wajah tersenyum dengan hati
7,ğŸ˜˜,kiss,ciuman,Ã°Å¸ËœËœ,face blowing a kiss,wajah meniup ciuman
8,ğŸ˜š,kiss,ciuman,Ã°Å¸ËœÅ¡,kissing face with closed eyes,mencium wajah dengan mata tertutup
9,ğŸ˜—,kiss,ciuman,Ã°Å¸Ëœâ€”,kissing face,wajah berciuman
10,ğŸ˜™,kiss,ciuman,Ã°Å¸Ëœâ„¢,kissing face with smiling eyes,mencium wajah dengan mata tersenyum
11,ğŸ˜œ,tongue,lidah,Ã°Å¸ËœÅ“,winking face with tongue,mengedipkan wajah dengan lidah
12,ğŸ˜,tongue,lidah,Ã°Å¸ËœÂ,squinting face with tongue,Wajah menyipit dengan lidah
13,ğŸ˜›,tongue,lidah,Ã°Å¸Ëœâ€º,face with tongue,wajah dengan lidah
14,ğŸ˜³,embarassed,malu,Ã°Å¸ËœÂ³,flushed face,wajah memerah
15,ğŸ˜,cheese,keju,Ã°Å¸ËœÂ,beaming face with smiling eyes,Wajah berseri -seri dengan mata tersenyum
16,ğŸ˜”,sad,sedih,Ã°Å¸Ëœâ€,pensive face,wajah termenung
17,ğŸ˜Œ,sad,sedih,Ã°Å¸ËœÅ’,relieved face,wajah lega
18,ğŸ˜’,sad,sedih,Ã°Å¸Ëœâ€™,unamused face,wajah yang tidak biasa
19,ğŸ˜,sad,sedih,Ã°Å¸ËœÅ¾,disappointed face,wajah kecewa
20,ğŸ˜£,sad,sedih,Ã°Å¸ËœÂ£,persevering face,wajah gigih
21,ğŸ˜¢,sad,sedih,Ã°Å¸ËœÂ¢,crying face,wajah menangis
22,ğŸ˜‚,sad,sedih,Ã°Å¸Ëœâ€š,face with tears of joy,wajah dengan air mata sukacita
23,ğŸ˜­,sad,sedih,Ã°Å¸ËœÂ­,loudly crying face,Wajah menangis dengan keras
24,ğŸ˜ª,sad,sedih,Ã°Å¸ËœÂª,sleepy face,wajah mengantuk
25,ğŸ˜¥,sad,sedih,Ã°Å¸ËœÂ¥,sad but relieved face,Wajah sedih tapi lega
26,ğŸ˜°,sad,sedih,Ã°Å¸ËœÂ°,anxious face with sweat,Wajah cemas dengan keringat
27,ğŸ˜…,sad,sedih,Ã°Å¸Ëœâ€¦,grinning face with sweat,wajah menyeringai dengan keringat
28,ğŸ˜“,sad,sedih,Ã°Å¸Ëœâ€œ,downcast face with sweat,Wajah Downcast dengan Keringat
29,ğŸ˜©,sad,sedih,Ã°Å¸ËœÂ©,weary face,wajah yang lelah
30,ğŸ˜«,sad,sedih,Ã°Å¸ËœÂ«,tired face,wajah lelah
31,ğŸ˜¨,worry,khawatir,Ã°Å¸ËœÂ¨,fearful face,wajah yang menakutkan
32,ğŸ˜¨,worry,khawatir,Ã°Å¸ËœÅ¸,fearful face,wajah yang menakutkan
33,ğŸ˜Ÿ,worry,khawatir,Ã°Å¸ËœÂ¨,worried face,wajah khawatir
34,ğŸ˜Ÿ,worry,khawatir,Ã°Å¸ËœÅ¸,worried face,wajah khawatir
35,ğŸ˜±,worry,khawatir,Ã°Å¸ËœÂ±,face screaming in fear,wajah berteriak ketakutan
36,ğŸ˜±,worry,khawatir,Ã°Å¸ËœÂ¦,face screaming in fear,wajah berteriak ketakutan
37,ğŸ˜¦,worry,khawatir,Ã°Å¸ËœÂ±,frowning face with open mouth,wajah mengerutkan kening dengan mulut terbuka
38,ğŸ˜¦,worry,khawatir,Ã°Å¸ËœÂ¦,frowning face with open mouth,wajah mengerutkan kening dengan mulut terbuka
39,ğŸ˜ ,angry,marah,Ã°Å¸Ëœ,angry face,wajah marah
40,ğŸ˜¡,angry,marah,Ã°Å¸ËœÂ¡,enraged face,wajah yang marah
41,ğŸ˜¤,angry,marah,Ã°Å¸ËœÂ¤,face with steam from nose,wajah dengan uap dari hidung
42,ğŸ˜–,wince,menggerenyet,Ã°Å¸Ëœâ€“,confounded face,wajah yang dikacaukan
43,ğŸ˜†,laugh,tertawa,Ã°Å¸Ëœâ€ ,grinning squinting face,Wajah menyipitkan mata yang menyeringai
44,ğŸ˜‹,licklips,menjilat bibir,Ã°Å¸Ëœâ€¹,face savoring food,wajah menikmati makanan
45,ğŸ˜·,respirator,alat bantu pernapasan,Ã°Å¸ËœÂ·,face with medical mask,Wajah dengan Topeng Medis
46,ğŸ˜,sunglasses,kacamata hitam,Ã°Å¸ËœÅ½,smiling face with sunglasses,wajah tersenyum dengan kacamata hitam
47,ğŸ˜´,Zzz,Zzz,Ã°Å¸ËœÂ´,sleeping face,wajah tidur
48,ğŸ˜µ,dead,mati,Ã°Å¸ËœÂµ,face with crossed-out eyes,wajah dengan mata juling
49,ğŸ˜²,dead,mati,Ã°Å¸ËœÂ²,astonished face,Wajah Terkejut
50,ğŸ˜§,worry,khawatir,Ã°Å¸ËœÂ§,anguished face,wajah yang sedih
51,ğŸ˜ˆ,devil,iblis,Ã°Å¸ËœË†,smiling face with horns,wajah tersenyum dengan tanduk
52,ğŸ‘¿,devil,iblis,Ã°Å¸â€˜Â¿,angry face with horns,wajah marah dengan tanduk
53,ğŸ˜®,oh,Oh,Ã°Å¸ËœÂ®,face with open mouth,wajah dengan mulut terbuka
54,ğŸ˜¬,cheese,keju,Ã°Å¸ËœÂ¬,grimacing face,wajah meringis
55,ğŸ˜,straight,lurus,Ã°Å¸ËœÂ,neutral face,wajah netral
56,ğŸ˜•,worry,khawatir,Ã°Å¸Ëœâ€¢,confused face,wajah bingung
57,ğŸ˜¯,oh,Oh,Ã°Å¸ËœÂ¯,hushed face,Wajah yang hening
58,ğŸ˜¶,nomouth,tidak ada mulut,Ã°Å¸ËœÂ¶,face without mouth,wajah tanpa mulut
59,ğŸ˜‡,angel,malaikat,Ã°Å¸Ëœâ€¡,smiling face with halo,wajah tersenyum dengan halo
60,ğŸ˜,smirk,seringai,Ã°Å¸ËœÂ,smirking face,wajah menyeringai
61,ğŸ˜‘,straight,lurus,Ã°Å¸Ëœâ€˜,expressionless face,wajah tanpa ekspresi
62,ğŸ‘²,gua,gua,Ã°Å¸â€˜Â²,person with skullcap,orang dengan Skullcap
63,ğŸ‘²ğŸ»,gua,gua,Ã°Å¸â€˜Â²Ã°Å¸ÂÂ»,person with skullcap light skin tone,orang dengan warna kulit ringan Skullcap
64,ğŸ‘²ğŸ¼,gua,gua,Ã°Å¸â€˜Â²Ã°Å¸ÂÂ¼,person with skullcap medium-light skin tone,orang dengan warna kulit cahaya sedang skullcap
65,ğŸ‘²ğŸ½,gua,gua,Ã°Å¸â€˜Â²Ã°Å¸ÂÂ½,person with skullcap medium skin tone,orang dengan warna kulit sedang skullcap
66,ğŸ‘²ğŸ¾,gua,gua,Ã°Å¸â€˜Â²Ã°Å¸ÂÂ¾,person with skullcap medium-dark skin tone,orang dengan warna kulit skullcap sedang-gelap
67,ğŸ‘²ğŸ¿,gua,gua,Ã°Å¸â€˜Â²Ã°Å¸ÂÂ¿,person with skullcap dark skin tone,orang dengan warna kulit gelap tengkorak
68,ğŸ‘³,turbin,turbin,Ã°Å¸â€˜Â³,person wearing turban,orang yang memakai sorban
69,ğŸ‘³ğŸ»,turbin,turbin,Ã°Å¸â€˜Â³Ã°Å¸ÂÂ»,person wearing turban light skin tone,orang yang mengenakan warna kulit ringan sorban
70,ğŸ‘³ğŸ¼,turbin,turbin,Ã°Å¸â€˜Â³Ã°Å¸ÂÂ¼,person wearing turban medium-light skin tone,orang yang mengenakan warna kulit ringan sorban
71,ğŸ‘³ğŸ½,turbin,turbin,Ã°Å¸â€˜Â³Ã°Å¸ÂÂ½,person wearing turban medium skin tone,orang yang mengenakan warna kulit sedang turban
72,ğŸ‘³ğŸ¾,turbin,turbin,Ã°Å¸â€˜Â³Ã°Å¸ÂÂ¾,person wearing turban medium-dark skin tone,orang yang mengenakan warna kulit menengah-gelap sorban
73,ğŸ‘³ğŸ¿,turbin,turbin,Ã°Å¸â€˜Â³Ã°Å¸ÂÂ¿,person wearing turban dark skin tone,orang yang mengenakan warna kulit gelap sorban
74,ğŸ‘®,police,POLISI,Ã°Å¸â€˜Â®,police officer,polisi
75,ğŸ‘®ğŸ»,police,POLISI,Ã°Å¸â€˜Â®Ã°Å¸ÂÂ»,police officer light skin tone,Petugas Polisi Ringan Kulit
76,ğŸ‘®ğŸ¼,police,POLISI,Ã°Å¸â€˜Â®Ã°Å¸ÂÂ¼,police officer medium-light skin tone,Petugas Polisi Nada kulit cahaya sedang
77,ğŸ‘®ğŸ½,police,POLISI,Ã°Å¸â€˜Â®Ã°Å¸ÂÂ½,police officer medium skin tone,petugas polisi warna kulit sedang
78,ğŸ‘®ğŸ¾,police,POLISI,Ã°Å¸â€˜Â®Ã°Å¸ÂÂ¾,police officer medium-dark skin tone,petugas polisi warna kulit gelap-sedang
79,ğŸ‘®ğŸ¿,police,POLISI,Ã°Å¸â€˜Â®Ã°Å¸ÂÂ¿,police officer dark skin tone,petugas polisi warna kulit gelap
80,ğŸ‘·,safety,keamanan,Ã°Å¸â€˜Â·,construction worker,Pekerja konstruksi
81,ğŸ‘·ğŸ»,safety,keamanan,Ã°Å¸â€˜Â·Ã°Å¸ÂÂ»,construction worker light skin tone,nada kulit ringan pekerja konstruksi
82,ğŸ‘·ğŸ¼,safety,keamanan,Ã°Å¸â€˜Â·Ã°Å¸ÂÂ¼,construction worker medium-light skin tone,Pekerja konstruksi warna kulit cahaya sedang
83,ğŸ‘·ğŸ½,safety,keamanan,Ã°Å¸â€˜Â·Ã°Å¸ÂÂ½,construction worker medium skin tone,Pekerja konstruksi warna kulit sedang
84,ğŸ‘·ğŸ¾,safety,keamanan,Ã°Å¸â€˜Â·Ã°Å¸ÂÂ¾,construction worker medium-dark skin tone,Pekerja konstruksi warna kulit sedang-gelap
85,ğŸ‘·ğŸ¿,safety,keamanan,Ã°Å¸â€˜Â·Ã°Å¸ÂÂ¿,construction worker dark skin tone,pekerja konstruksi warna kulit gelap
86,ğŸ’‚,russian,Rusia,Ã°Å¸â€™â€š,guard,penjaga
87,ğŸ’‚ğŸ»,russian,Rusia,Ã°Å¸â€™â€šÃ°Å¸ÂÂ»,guard light skin tone,Jaga warna kulit ringan
88,ğŸ’‚ğŸ¼,russian,Rusia,Ã°Å¸â€™â€šÃ°Å¸ÂÂ¼,guard medium-light skin tone,menjaga warna kulit cahaya sedang
89,ğŸ’‚ğŸ½,russian,Rusia,Ã°Å¸â€™â€šÃ°Å¸ÂÂ½,guard medium skin tone,menjaga warna kulit sedang
90,ğŸ’‚ğŸ¾,russian,Rusia,Ã°Å¸â€™â€šÃ°Å¸ÂÂ¾,guard medium-dark skin tone,Jaga warna kulit sedang-gelap
91,ğŸ’‚ğŸ¿,russian,Rusia,Ã°Å¸â€™â€šÃ°Å¸ÂÂ¿,guard dark skin tone,menjaga warna kulit gelap
92,ğŸ‘¶,baby,Sayang,Ã°Å¸â€˜Â¶,baby,bayi
93,ğŸ‘¶ğŸ»,baby,Sayang,Ã°Å¸â€˜Â¶Ã°Å¸ÂÂ»,baby light skin tone,warna kulit bayi ringan
94,ğŸ‘¶ğŸ¼,baby,Sayang,Ã°Å¸â€˜Â¶Ã°Å¸ÂÂ¼,baby medium-light skin tone,warna kulit bayi sedang-cerah
95,ğŸ‘¶ğŸ½,baby,Sayang,Ã°Å¸â€˜Â¶Ã°Å¸ÂÂ½,baby medium skin tone,warna kulit bayi sedang
96,ğŸ‘¶ğŸ¾,baby,Sayang,Ã°Å¸â€˜Â¶Ã°Å¸ÂÂ¾,baby medium-dark skin tone,warna kulit bayi sedang-gelap
97,ğŸ‘¶ğŸ¿,baby,Sayang,Ã°Å¸â€˜Â¶Ã°Å¸ÂÂ¿,baby dark skin tone,warna kulit bayi gelap
98,ğŸ‘¦,boy,anak laki-laki,Ã°Å¸â€˜Â¦,boy,anak laki-laki
99,ğŸ‘¦ğŸ»,boy,anak laki-laki,Ã°Å¸â€˜Â¦Ã°Å¸ÂÂ»,boy light skin tone,Laki -laki warna kulit ringan
100,ğŸ‘¦ğŸ¼,boy,anak laki-laki,Ã°Å¸â€˜Â¦Ã°Å¸ÂÂ¼,boy medium-light skin tone,Laki-laki warna kulit cahaya sedang
101,ğŸ‘¦ğŸ½,boy,anak laki-laki,Ã°Å¸â€˜Â¦Ã°Å¸ÂÂ½,boy medium skin tone,Laki -Laki warna Kulit Medium
102,ğŸ‘¦ğŸ¾,boy,anak laki-laki,Ã°Å¸â€˜Â¦Ã°Å¸ÂÂ¾,boy medium-dark skin tone,warna kulit laki-laki-gelap
103,ğŸ‘¦ğŸ¿,boy,anak laki-laki,Ã°Å¸â€˜Â¦Ã°Å¸ÂÂ¿,boy dark skin tone,Boy Dark Skin Tone
104,ğŸ‘§,girl,gadis,Ã°Å¸â€˜Â§,girl,gadis
105,ğŸ‘§ğŸ»,girl,gadis,Ã°Å¸â€˜Â§Ã°Å¸ÂÂ»,girl light skin tone,Gadis warna kulit terang
106,ğŸ‘§ğŸ¼,girl,gadis,Ã°Å¸â€˜Â§Ã°Å¸ÂÂ¼,girl medium-light skin tone,Gadis warna kulit cahaya sedang
107,ğŸ‘§ğŸ½,girl,gadis,Ã°Å¸â€˜Â§Ã°Å¸ÂÂ½,girl medium skin tone,Gadis warna Kulit Medium
108,ğŸ‘§ğŸ¾,girl,gadis,Ã°Å¸â€˜Â§Ã°Å¸ÂÂ¾,girl medium-dark skin tone,Gadis warna kulit sedang-gelap
109,ğŸ‘§ğŸ¿,girl,gadis,Ã°Å¸â€˜Â§Ã°Å¸ÂÂ¿,girl dark skin tone,Gadis warna kulit gelap
110,ğŸ‘¨,man,pria,Ã°Å¸â€˜Â¨,man,pria
111,ğŸ‘¨ğŸ»,man,pria,Ã°Å¸â€˜Â¨Ã°Å¸ÂÂ»,man light skin tone,pria warna kulit terang
112,ğŸ‘¨ğŸ¼,man,pria,Ã°Å¸â€˜Â¨Ã°Å¸ÂÂ¼,man medium-light skin tone,pria warna kulit cerah sedang
113,ğŸ‘¨ğŸ½,man,pria,Ã°Å¸â€˜Â¨Ã°Å¸ÂÂ½,man medium skin tone,pria warna kulit sedang
114,ğŸ‘¨ğŸ¾,man,pria,Ã°Å¸â€˜Â¨Ã°Å¸ÂÂ¾,man medium-dark skin tone,pria dengan warna kulit sedang-gelap
115,ğŸ‘¨ğŸ¿,man,pria,Ã°Å¸â€˜Â¨Ã°Å¸ÂÂ¿,man dark skin tone,pria warna kulit gelap
116,ğŸ‘©,woman,wanita,Ã°Å¸â€˜Â©,woman,wanita
117,ğŸ‘©ğŸ»,woman,wanita,Ã°Å¸â€˜Â©Ã°Å¸ÂÂ»,woman light skin tone,wanita warna kulit terang
118,ğŸ‘©ğŸ¼,woman,wanita,Ã°Å¸â€˜Â©Ã°Å¸ÂÂ¼,woman medium-light skin tone,wanita nada kulit cahaya sedang
119,ğŸ‘©ğŸ½,woman,wanita,Ã°Å¸â€˜Â©Ã°Å¸ÂÂ½,woman medium skin tone,warna kulit sedang wanita
120,ğŸ‘©ğŸ¾,woman,wanita,Ã°Å¸â€˜Â©Ã°Å¸ÂÂ¾,woman medium-dark skin tone,wanita nada kulit sedang-gelap
121,ğŸ‘©ğŸ¿,woman,wanita,Ã°Å¸â€˜Â©Ã°Å¸ÂÂ¿,woman dark skin tone,wanita warna kulit gelap
122,ğŸ‘´,grandpa,kakek,Ã°Å¸â€˜Â´,old man,pria tua
123,ğŸ‘´ğŸ»,grandpa,kakek,Ã°Å¸â€˜Â´Ã°Å¸ÂÂ»,old man light skin tone,warna kulit pria tua
124,ğŸ‘´ğŸ¼,grandpa,kakek,Ã°Å¸â€˜Â´Ã°Å¸ÂÂ¼,old man medium-light skin tone,warna kulit cahaya pria tua
125,ğŸ‘´ğŸ½,grandpa,kakek,Ã°Å¸â€˜Â´Ã°Å¸ÂÂ½,old man medium skin tone,Nada Kulit Medium Pria Tua
126,ğŸ‘´ğŸ¾,grandpa,kakek,Ã°Å¸â€˜Â´Ã°Å¸ÂÂ¾,old man medium-dark skin tone,Nada kulit pria-pria tua sedang
127,ğŸ‘´ğŸ¿,grandpa,kakek,Ã°Å¸â€˜Â´Ã°Å¸ÂÂ¿,old man dark skin tone,Nada Kulit Gelap Pria Tua
128,ğŸ‘µ,grandma,nenek,Ã°Å¸â€˜Âµ,old woman,wanita tua
129,ğŸ‘µğŸ»,grandma,nenek,Ã°Å¸â€˜ÂµÃ°Å¸ÂÂ»,old woman light skin tone,wanita tua warna kulit terang
130,ğŸ‘µğŸ¼,grandma,nenek,Ã°Å¸â€˜ÂµÃ°Å¸ÂÂ¼,old woman medium-light skin tone,wanita tua nada kulit cahaya sedang
131,ğŸ‘µğŸ½,grandma,nenek,Ã°Å¸â€˜ÂµÃ°Å¸ÂÂ½,old woman medium skin tone,wanita tua nada kulit sedang
132,ğŸ‘µğŸ¾,grandma,nenek,Ã°Å¸â€˜ÂµÃ°Å¸ÂÂ¾,old woman medium-dark skin tone,wanita tua nada kulit sedang-gelap
133,ğŸ‘µğŸ¿,grandma,nenek,Ã°Å¸â€˜ÂµÃ°Å¸ÂÂ¿,old woman dark skin tone,wanita tua warna kulit gelap
134,ğŸ‘±,blonde,pirang,Ã°Å¸â€˜Â±,person blond hair,rambut pirang orang
135,ğŸ‘±ğŸ»,blonde,pirang,Ã°Å¸â€˜Â±Ã°Å¸ÂÂ»,person light skin tone blond hair,orang berambut kulit ringan rambut pirang
136,ğŸ‘±ğŸ¼,blonde,pirang,Ã°Å¸â€˜Â±Ã°Å¸ÂÂ¼,person medium-light skin tone blond hair,orang menengah warna kulit pirang
137,ğŸ‘±ğŸ½,blonde,pirang,Ã°Å¸â€˜Â±Ã°Å¸ÂÂ½,person medium skin tone blond hair,orang menengah kulit menengah rambut pirang
138,ğŸ‘±ğŸ¾,blonde,pirang,Ã°Å¸â€˜Â±Ã°Å¸ÂÂ¾,person medium-dark skin tone blond hair,orang menengah warna kulit gelap rambut pirang
139,ğŸ‘±ğŸ¿,blonde,pirang,Ã°Å¸â€˜Â±Ã°Å¸ÂÂ¿,person dark skin tone blond hair,orang kulit gelap warna pirang
140,ğŸ‘¼,angel,malaikat,Ã°Å¸â€˜Â¼,baby angel,bayi malaikat
141,ğŸ‘¼ğŸ»,angel,malaikat,Ã°Å¸â€˜Â¼Ã°Å¸ÂÂ»,baby angel light skin tone,bayi malaikat warna kulit cerah
142,ğŸ‘¼ğŸ¼,angel,malaikat,Ã°Å¸â€˜Â¼Ã°Å¸ÂÂ¼,baby angel medium-light skin tone,Bayi malaikat nada kulit cahaya sedang
143,ğŸ‘¼ğŸ½,angel,malaikat,Ã°Å¸â€˜Â¼Ã°Å¸ÂÂ½,baby angel medium skin tone,bayi malaikat warna kulit sedang
144,ğŸ‘¼ğŸ¾,angel,malaikat,Ã°Å¸â€˜Â¼Ã°Å¸ÂÂ¾,baby angel medium-dark skin tone,bayi malaikat warna kulit gelap-sedang
145,ğŸ‘¼ğŸ¿,angel,malaikat,Ã°Å¸â€˜Â¼Ã°Å¸ÂÂ¿,baby angel dark skin tone,bayi malaikat warna kulit gelap
146,ğŸ‘¸,princess,putri,Ã°Å¸â€˜Â¸,princess,putri
147,ğŸ‘¸ğŸ»,princess,putri,Ã°Å¸â€˜Â¸Ã°Å¸ÂÂ»,princess light skin tone,putri warna kulit cerah
148,ğŸ‘¸ğŸ¼,princess,putri,Ã°Å¸â€˜Â¸Ã°Å¸ÂÂ¼,princess medium-light skin tone,putri warna kulit cerah sedang
149,ğŸ‘¸ğŸ½,princess,putri,Ã°Å¸â€˜Â¸Ã°Å¸ÂÂ½,princess medium skin tone,putri warna kulit sedang
150,ğŸ‘¸ğŸ¾,princess,putri,Ã°Å¸â€˜Â¸Ã°Å¸ÂÂ¾,princess medium-dark skin tone,putri warna kulit gelap sedang
151,ğŸ‘¸ğŸ¿,princess,putri,Ã°Å¸â€˜Â¸Ã°Å¸ÂÂ¿,princess dark skin tone,warna kulit putri gelap
152,ğŸ˜º,smile,senyum,Ã°Å¸ËœÂº,grinning cat,kucing yang menyeringai
153,ğŸ˜¸,smile,senyum,Ã°Å¸ËœÂ¸,grinning cat with smiling eyes,kucing menyeringai dengan mata tersenyum
154,ğŸ˜»,hearteyes,mata hati,Ã°Å¸ËœÂ»,smiling cat with heart-eyes,Kucing tersenyum dengan hati
155,ğŸ˜½,kiss,ciuman,Ã°Å¸ËœÂ½,kissing cat,Kucing mencium
156,ğŸ˜¼,angry,marah,Ã°Å¸ËœÂ¼,cat with wry smile,kucing dengan senyum masam
157,ğŸ™€,shocked,terkejut,Ã°Å¸â„¢â‚¬,weary cat,Kucing yang lelah
158,ğŸ˜¿,sad,sedih,Ã°Å¸ËœÂ¿,crying cat,kucing menangis
159,ğŸ˜¹,sad,sedih,Ã°Å¸ËœÂ¹,cat with tears of joy,kucing dengan air mata sukacita
160,ğŸ˜¾,side,samping,Ã°Å¸ËœÂ¾,pouting cat,kucing cemberut
161,ğŸ‘¹,redmask,topeng merah,Ã°Å¸â€˜Â¹,ogre,raksasa
162,ğŸ‘º,redmask,topeng merah,Ã°Å¸â€˜Âº,goblin,Goblin
163,ğŸ™ˆ,seeno,lihat,Ã°Å¸â„¢Ë†,see-no-evil monkey,monyet yang tidak terlihat jahat
164,ğŸ™‰,hearno,dengar,Ã°Å¸â„¢â€°,hear-no-evil monkey,monyet jahat yang tidak bisa mendengar 
165,ğŸ™Š,speakno,berbicara tidak,Ã°Å¸â„¢Å ,speak-no-evil monkey,monyet jahat yang tidak berbicara
166,ğŸ’€,skull,tengkorak,Ã°Å¸â€™â‚¬,skull,tengkorak
167,ğŸ‘½,alien,asing,Ã°Å¸â€˜Â½,alien,asing
168,ğŸ’©,poop,tinja,Ã°Å¸â€™Â©,pile of poo,tumpukan kotoran
169,ğŸ”¥,fire,api,Ã°Å¸â€Â¥,fire,api
170,âœ¨,stars,bintang,Ã¢Å“Â¨,sparkles,berkilau
171,ğŸŒŸ,stars,bintang,Ã°Å¸Å’Å¸,glowing star,bintang bersinar
172,ğŸ’«,stars,bintang,Ã°Å¸â€™Â«,dizzy,pusing
173,ğŸ’¥,firework,kembang api,Ã°Å¸â€™Â¥,collision,tabrakan
174,ğŸ’¢,flare,suar,Ã°Å¸â€™Â¢,anger symbol,Simbol kemarahan
175,ğŸ’¦,water,air,Ã°Å¸â€™Â¦,sweat droplets,tetesan keringat
176,ğŸ’§,water,air,Ã°Å¸â€™Â§,droplet,tetesan kecil
177,ğŸ’¤,Zzz,Zzz,Ã°Å¸â€™Â¤,ZZZ,Zzz
178,ğŸ’¨,wind,angin,Ã°Å¸â€™Â¨,dashing away,berlari pergi
179,ğŸ‘‚,ear,telinga,Ã°Å¸â€˜â€š,ear,telinga
180,ğŸ‘‚ğŸ»,ear,telinga,Ã°Å¸â€˜â€šÃ°Å¸ÂÂ»,ear light skin tone,Telinga warna kulit ringan
181,ğŸ‘‚ğŸ¼,ear,telinga,Ã°Å¸â€˜â€šÃ°Å¸ÂÂ¼,ear medium-light skin tone,Telinga nada kulit cahaya sedang
182,ğŸ‘‚ğŸ½,ear,telinga,Ã°Å¸â€˜â€šÃ°Å¸ÂÂ½,ear medium skin tone,Telinga warna kulit sedang
183,ğŸ‘‚ğŸ¾,ear,telinga,Ã°Å¸â€˜â€šÃ°Å¸ÂÂ¾,ear medium-dark skin tone,Telinga warna kulit sedang-gelap
184,ğŸ‘‚ğŸ¿,ear,telinga,Ã°Å¸â€˜â€šÃ°Å¸ÂÂ¿,ear dark skin tone,Telinga warna kulit gelap
185,ğŸ‘€,eyes,mata,Ã°Å¸â€˜â‚¬,eyes,mata
186,ğŸ‘ƒ,nose,hidung,Ã°Å¸â€˜Æ’,nose,hidung
187,ğŸ‘ƒğŸ»,nose,hidung,Ã°Å¸â€˜Æ’Ã°Å¸ÂÂ»,nose light skin tone,warna kulit hidung cerah
188,ğŸ‘ƒğŸ¼,nose,hidung,Ã°Å¸â€˜Æ’Ã°Å¸ÂÂ¼,nose medium-light skin tone,hidung nada kulit cahaya sedang
189,ğŸ‘ƒğŸ½,nose,hidung,Ã°Å¸â€˜Æ’Ã°Å¸ÂÂ½,nose medium skin tone,Hidung warna kulit sedang
190,ğŸ‘ƒğŸ¾,nose,hidung,Ã°Å¸â€˜Æ’Ã°Å¸ÂÂ¾,nose medium-dark skin tone,hidung warna kulit sedang-gelap
191,ğŸ‘ƒğŸ¿,nose,hidung,Ã°Å¸â€˜Æ’Ã°Å¸ÂÂ¿,nose dark skin tone,hidung warna kulit gelap
192,ğŸ‘…,tongue,lidah,Ã°Å¸â€˜â€¦,tongue,lidah
193,ğŸ‘„,lips,bibir,Ã°Å¸â€˜â€,mouth,mulut
194,ğŸ‘,thumbsup,jempolan,Ã°Å¸â€˜Â,thumbs up,jempolan
195,ğŸ‘ğŸ»,thumbsup,jempolan,Ã°Å¸â€˜ÂÃ°Å¸ÂÂ»,thumbs up light skin tone,jempol warna kulit ringan
196,ğŸ‘ğŸ¼,thumbsup,jempolan,Ã°Å¸â€˜ÂÃ°Å¸ÂÂ¼,thumbs up medium-light skin tone,jempol warna kulit cahaya sedang
197,ğŸ‘ğŸ½,thumbsup,jempolan,Ã°Å¸â€˜ÂÃ°Å¸ÂÂ½,thumbs up medium skin tone,jempol warna kulit sedang
198,ğŸ‘ğŸ¾,thumbsup,jempolan,Ã°Å¸â€˜ÂÃ°Å¸ÂÂ¾,thumbs up medium-dark skin tone,jempol nada kulit sedang-gelap
199,ğŸ‘ğŸ¿,thumbsup,jempolan,Ã°Å¸â€˜ÂÃ°Å¸ÂÂ¿,thumbs up dark skin tone,jempol warna kulit gelap
200,ğŸ‘,thumbsdown,jempol ke bawah,Ã°Å¸â€˜Å½,thumbs down,jempol ke bawah
201,ğŸ‘ğŸ»,thumbsdown,jempol ke bawah,Ã°Å¸â€˜Å½Ã°Å¸ÂÂ»,thumbs down light skin tone,jempol warna kulit ringan
202,ğŸ‘ğŸ¼,thumbsdown,jempol ke bawah,Ã°Å¸â€˜Å½Ã°Å¸ÂÂ¼,thumbs down medium-light skin tone,Jempol ke bawah warna kulit cahaya sedang
203,ğŸ‘ğŸ½,thumbsdown,jempol ke bawah,Ã°Å¸â€˜Å½Ã°Å¸ÂÂ½,thumbs down medium skin tone,Jempol ke bawah warna kulit sedang
204,ğŸ‘ğŸ¾,thumbsdown,jempol ke bawah,Ã°Å¸â€˜Å½Ã°Å¸ÂÂ¾,thumbs down medium-dark skin tone,Jempol ke bawah warna kulit gelap
205,ğŸ‘ğŸ¿,thumbsdown,jempol ke bawah,Ã°Å¸â€˜Å½Ã°Å¸ÂÂ¿,thumbs down dark skin tone,jempol warna kulit gelap
206,ğŸ‘Œ,ok,Oke,Ã°Å¸â€˜Å’,OK hand,OK Tangan
207,ğŸ‘ŒğŸ»,ok,Oke,Ã°Å¸â€˜Å’Ã°Å¸ÂÂ»,OK hand light skin tone,Oke tangan warna kulit cerah
208,ğŸ‘ŒğŸ¼,ok,Oke,Ã°Å¸â€˜Å’Ã°Å¸ÂÂ¼,OK hand medium-light skin tone,Oke tangan warna kulit cerah-sedang
209,ğŸ‘ŒğŸ½,ok,Oke,Ã°Å¸â€˜Å’Ã°Å¸ÂÂ½,OK hand medium skin tone,Oke tangan warna kulit sedang
210,ğŸ‘ŒğŸ¾,ok,Oke,Ã°Å¸â€˜Å’Ã°Å¸ÂÂ¾,OK hand medium-dark skin tone,Oke warna kulit tangan sedang-gelap
211,ğŸ‘ŒğŸ¿,ok,Oke,Ã°Å¸â€˜Å’Ã°Å¸ÂÂ¿,OK hand dark skin tone,Oke tangan warna kulit gelap
212,ğŸ‘Š,pound,pound,Ã°Å¸â€˜Å ,oncoming fist,tinju yang mendekat
213,ğŸ‘ŠğŸ»,pound,pound,Ã°Å¸â€˜Å Ã°Å¸ÂÂ»,oncoming fist light skin tone,tinju mendekat warna kulit cerah
214,ğŸ‘ŠğŸ¼,pound,pound,Ã°Å¸â€˜Å Ã°Å¸ÂÂ¼,oncoming fist medium-light skin tone,tinju mendekat warna kulit cerah-sedang
215,ğŸ‘ŠğŸ½,pound,pound,Ã°Å¸â€˜Å Ã°Å¸ÂÂ½,oncoming fist medium skin tone,tinju mendekat warna kulit sedang
216,ğŸ‘ŠğŸ¾,pound,pound,Ã°Å¸â€˜Å Ã°Å¸ÂÂ¾,oncoming fist medium-dark skin tone,tinju mendekat warna kulit gelap-sedang
217,ğŸ‘ŠğŸ¿,pound,pound,Ã°Å¸â€˜Å Ã°Å¸ÂÂ¿,oncoming fist dark skin tone,tinju mendekat warna kulit gelap
218,âœŠ,power,kekuatan,Ã¢Å“Å ,raised fist,mengangkat tinju
219,âœŠğŸ»,power,kekuatan,Ã¢Å“Å Ã°Å¸ÂÂ»,raised fist light skin tone,tinju terangkat warna kulit cerah
220,âœŠğŸ¼,power,kekuatan,Ã¢Å“Å Ã°Å¸ÂÂ¼,raised fist medium-light skin tone,tangan terangkat warna kulit cerah-sedang
221,âœŠğŸ½,power,kekuatan,Ã¢Å“Å Ã°Å¸ÂÂ½,raised fist medium skin tone,tinju terangkat warna kulit sedang
222,âœŠğŸ¾,power,kekuatan,Ã¢Å“Å Ã°Å¸ÂÂ¾,raised fist medium-dark skin tone,tinju terangkat warna kulit gelap-sedang
223,âœŠğŸ¿,power,kekuatan,Ã¢Å“Å Ã°Å¸ÂÂ¿,raised fist dark skin tone,tinju terangkat warna kulit gelap
224,âœŒï¸,victory,kemenangan,Ã¢Å“Å’Ã¯Â¸Â,victory hand,tangan kemenangan
225,âœŒğŸ»,victory,kemenangan,Ã¢Å“Å’Ã°Å¸ÂÂ»,victory hand light skin tone,tangan kemenangan warna kulit cerah
226,âœŒğŸ¼,victory,kemenangan,Ã¢Å“Å’Ã°Å¸ÂÂ¼,victory hand medium-light skin tone,tangan kemenangan warna kulit cerah-sedang
227,âœŒğŸ½,victory,kemenangan,Ã¢Å“Å’Ã°Å¸ÂÂ½,victory hand medium skin tone,tangan kemenangan warna kulit sedang
228,âœŒğŸ¾,victory,kemenangan,Ã¢Å“Å’Ã°Å¸ÂÂ¾,victory hand medium-dark skin tone,tangan kemenangan warna kulit gelap-sedang
229,âœŒğŸ¿,victory,kemenangan,Ã¢Å“Å’Ã°Å¸ÂÂ¿,victory hand dark skin tone,tangan kemenangan warna kulit gelap
230,ğŸ‘‹,wave,melambai,Ã°Å¸â€˜â€¹,waving hand,melambaikan tangan
231,ğŸ‘‹ğŸ»,wave,melambai,Ã°Å¸â€˜â€¹Ã°Å¸ÂÂ»,waving hand light skin tone,melambaikan warna kulit ringan
232,ğŸ‘‹ğŸ¼,wave,melambai,Ã°Å¸â€˜â€¹Ã°Å¸ÂÂ¼,waving hand medium-light skin tone,melambaikan warna kulit cahaya sedang
233,ğŸ‘‹ğŸ½,wave,melambai,Ã°Å¸â€˜â€¹Ã°Å¸ÂÂ½,waving hand medium skin tone,melambaikan warna kulit sedang
234,ğŸ‘‹ğŸ¾,wave,melambai,Ã°Å¸â€˜â€¹Ã°Å¸ÂÂ¾,waving hand medium-dark skin tone,melambaikan warna kulit sedang-gelap
235,ğŸ‘‹ğŸ¿,wave,melambai,Ã°Å¸â€˜â€¹Ã°Å¸ÂÂ¿,waving hand dark skin tone,melambaikan warna kulit gelap tangan
236,âœ‹,raise,mengangkat,Ã¢Å“â€¹,raised hand,mengangkat tangan
237,âœ‹ğŸ»,raise,mengangkat,Ã¢Å“â€¹Ã°Å¸ÂÂ»,raised hand light skin tone,tangan terangkat warna kulit cerah
238,âœ‹ğŸ¼,raise,mengangkat,Ã¢Å“â€¹Ã°Å¸ÂÂ¼,raised hand medium-light skin tone,tangan terangkat warna kulit cerah sedang
239,âœ‹ğŸ½,raise,mengangkat,Ã¢Å“â€¹Ã°Å¸ÂÂ½,raised hand medium skin tone,tangan terangkat warna kulit sedang
240,âœ‹ğŸ¾,raise,mengangkat,Ã¢Å“â€¹Ã°Å¸ÂÂ¾,raised hand medium-dark skin tone,tangan terangkat warna kulit gelap-sedang
241,âœ‹ğŸ¿,raise,mengangkat,Ã¢Å“â€¹Ã°Å¸ÂÂ¿,raised hand dark skin tone,tangan terangkat warna kulit gelap
242,ğŸ‘,W,W,Ã°Å¸â€˜Â,open hands,buka tangan
243,ğŸ‘ğŸ»,W,W,Ã°Å¸â€˜ÂÃ°Å¸ÂÂ»,open hands light skin tone,buka tangan warna kulit terang
244,ğŸ‘ğŸ¼,W,W,Ã°Å¸â€˜ÂÃ°Å¸ÂÂ¼,open hands medium-light skin tone,buka tangan nada kulit cahaya sedang
245,ğŸ‘ğŸ½,W,W,Ã°Å¸â€˜ÂÃ°Å¸ÂÂ½,open hands medium skin tone,buka tangan warna kulit sedang
246,ğŸ‘ğŸ¾,W,W,Ã°Å¸â€˜ÂÃ°Å¸ÂÂ¾,open hands medium-dark skin tone,buka tangan nada kulit sedang-gelap
247,ğŸ‘ğŸ¿,W,W,Ã°Å¸â€˜ÂÃ°Å¸ÂÂ¿,open hands dark skin tone,buka tangan warna kulit gelap
248,ğŸ‘†,pointup,titik atas,Ã°Å¸â€˜â€ ,backhand index pointing up,indeks backhand mengarah ke atas
249,ğŸ‘†ğŸ»,pointup,titik atas,Ã°Å¸â€˜â€ Ã°Å¸ÂÂ»,backhand index pointing up light skin tone,indeks backhand menunjuk ke atas warna kulit cerah
250,ğŸ‘†ğŸ¼,pointup,titik atas,Ã°Å¸â€˜â€ Ã°Å¸ÂÂ¼,backhand index pointing up medium-light skin tone,indeks backhand menunjuk ke atas warna kulit cerah sedang
251,ğŸ‘†ğŸ½,pointup,titik atas,Ã°Å¸â€˜â€ Ã°Å¸ÂÂ½,backhand index pointing up medium skin tone,indeks backhand menunjuk ke atas warna kulit sedang
252,ğŸ‘†ğŸ¾,pointup,titik atas,Ã°Å¸â€˜â€ Ã°Å¸ÂÂ¾,backhand index pointing up medium-dark skin tone,indeks backhand menunjuk ke atas warna kulit sedang-gelap
253,ğŸ‘†ğŸ¿,pointup,titik atas,Ã°Å¸â€˜â€ Ã°Å¸ÂÂ¿,backhand index pointing up dark skin tone,indeks backhand menunjuk ke atas warna kulit gelap
254,ğŸ‘‡,pointdown,Titik bawah,Ã°Å¸â€˜â€¡,backhand index pointing down,indeks backhand menunjuk ke bawah
255,ğŸ‘‡ğŸ»,pointdown,Titik bawah,Ã°Å¸â€˜â€¡Ã°Å¸ÂÂ»,backhand index pointing down light skin tone,indeks backhand menunjuk ke bawah warna kulit cerah
256,ğŸ‘‡ğŸ¼,pointdown,Titik bawah,Ã°Å¸â€˜â€¡Ã°Å¸ÂÂ¼,backhand index pointing down medium-light skin tone,indeks backhand menunjuk ke bawah warna kulit cerah-sedang
257,ğŸ‘‡ğŸ½,pointdown,Titik bawah,Ã°Å¸â€˜â€¡Ã°Å¸ÂÂ½,backhand index pointing down medium skin tone,indeks backhand menunjuk ke bawah warna kulit sedang
258,ğŸ‘‡ğŸ¾,pointdown,Titik bawah,Ã°Å¸â€˜â€¡Ã°Å¸ÂÂ¾,backhand index pointing down medium-dark skin tone,indeks backhand menunjuk ke bawah warna kulit sedang-gelap
259,ğŸ‘‡ğŸ¿,pointdown,Titik bawah,Ã°Å¸â€˜â€¡Ã°Å¸ÂÂ¿,backhand index pointing down dark skin tone,indeks backhand menunjuk ke bawah warna kulit gelap
260,ğŸ‘‰,pointright,tepat sasaran,Ã°Å¸â€˜â€°,backhand index pointing right,indeks backhand menunjuk ke kanan
261,ğŸ‘‰ğŸ»,pointright,tepat sasaran,Ã°Å¸â€˜â€°Ã°Å¸ÂÂ»,backhand index pointing right light skin tone,indeks backhand menunjuk ke kanan warna kulit cerah
262,ğŸ‘‰ğŸ¼,pointright,tepat sasaran,Ã°Å¸â€˜â€°Ã°Å¸ÂÂ¼,backhand index pointing right medium-light skin tone,indeks backhand menunjuk ke kanan warna kulit cerah-sedang
263,ğŸ‘‰ğŸ½,pointright,tepat sasaran,Ã°Å¸â€˜â€°Ã°Å¸ÂÂ½,backhand index pointing right medium skin tone,indeks backhand menunjuk ke kanan warna kulit sedang
264,ğŸ‘‰ğŸ¾,pointright,tepat sasaran,Ã°Å¸â€˜â€°Ã°Å¸ÂÂ¾,backhand index pointing right medium-dark skin tone,indeks backhand menunjuk ke kanan warna kulit sedang-gelap
265,ğŸ‘‰ğŸ¿,pointright,tepat sasaran,Ã°Å¸â€˜â€°Ã°Å¸ÂÂ¿,backhand index pointing right dark skin tone,indeks backhand menunjuk ke kanan warna kulit gelap
266,ğŸ‘ˆ,pointleft,titik kiri,Ã°Å¸â€˜Ë†,backhand index pointing left,indeks backhand menunjuk ke kiri
267,ğŸ‘ˆğŸ»,pointleft,titik kiri,Ã°Å¸â€˜Ë†Ã°Å¸ÂÂ»,backhand index pointing left light skin tone,indeks backhand menunjuk ke kiri warna kulit cerah
268,ğŸ‘ˆğŸ¼,pointleft,titik kiri,Ã°Å¸â€˜Ë†Ã°Å¸ÂÂ¼,backhand index pointing left medium-light skin tone,indeks backhand menunjuk ke kiri warna kulit cerah-sedang
269,ğŸ‘ˆğŸ½,pointleft,titik kiri,Ã°Å¸â€˜Ë†Ã°Å¸ÂÂ½,backhand index pointing left medium skin tone,indeks backhand menunjuk ke kiri warna kulit sedang
270,ğŸ‘ˆğŸ¾,pointleft,titik kiri,Ã°Å¸â€˜Ë†Ã°Å¸ÂÂ¾,backhand index pointing left medium-dark skin tone,indeks backhand menunjuk ke kiri warna kulit sedang-gelap
271,ğŸ‘ˆğŸ¿,pointleft,titik kiri,Ã°Å¸â€˜Ë†Ã°Å¸ÂÂ¿,backhand index pointing left dark skin tone,indeks backhand menunjuk ke kiri warna kulit gelap
272,ğŸ™Œ,td,td,Ã°Å¸â„¢Å’,raising hands,mengangkat tangan
273,ğŸ™ŒğŸ»,td,td,Ã°Å¸â„¢Å’Ã°Å¸ÂÂ»,raising hands light skin tone,mengangkat tangan warna kulit cerah
274,ğŸ™ŒğŸ¼,td,td,Ã°Å¸â„¢Å’Ã°Å¸ÂÂ¼,raising hands medium-light skin tone,mengangkat tangan warna kulit cerah-sedang
275,ğŸ™ŒğŸ½,td,td,Ã°Å¸â„¢Å’Ã°Å¸ÂÂ½,raising hands medium skin tone,mengangkat tangan warna kulit sedang
276,ğŸ™ŒğŸ¾,td,td,Ã°Å¸â„¢Å’Ã°Å¸ÂÂ¾,raising hands medium-dark skin tone,mengangkat tangan warna kulit gelap sedang
277,ğŸ™ŒğŸ¿,td,td,Ã°Å¸â„¢Å’Ã°Å¸ÂÂ¿,raising hands dark skin tone,mengangkat tangan warna kulit gelap
278,ğŸ™,prayer,doa,Ã°Å¸â„¢Â,folded hands,tangan terlipat
279,ğŸ™ğŸ»,prayer,doa,Ã°Å¸â„¢ÂÃ°Å¸ÂÂ»,folded hands light skin tone,tangan terlipat warna kulit cerah
280,ğŸ™ğŸ¼,prayer,doa,Ã°Å¸â„¢ÂÃ°Å¸ÂÂ¼,folded hands medium-light skin tone,tangan terlipat warna kulit cerah-sedang
281,ğŸ™ğŸ½,prayer,doa,Ã°Å¸â„¢ÂÃ°Å¸ÂÂ½,folded hands medium skin tone,tangan terlipat warna kulit sedang
282,ğŸ™ğŸ¾,prayer,doa,Ã°Å¸â„¢ÂÃ°Å¸ÂÂ¾,folded hands medium-dark skin tone,tangan terlipat warna kulit gelap-sedang
283,ğŸ™ğŸ¿,prayer,doa,Ã°Å¸â„¢ÂÃ°Å¸ÂÂ¿,folded hands dark skin tone,tangan terlipat warna kulit gelap
284,â˜ï¸,number,nomor,Ã¢ËœÂÃ¯Â¸Â,index pointing up,indeks mengarah ke atas
285,â˜ğŸ»,number,nomor,Ã¢ËœÂÃ°Å¸ÂÂ»,index pointing up light skin tone,indeks menunjuk ke atas warna kulit terang
286,â˜ğŸ¼,number,nomor,Ã¢ËœÂÃ°Å¸ÂÂ¼,index pointing up medium-light skin tone,indeks menunjuk ke atas warna kulit cerah sedang
287,â˜ğŸ½,number,nomor,Ã¢ËœÂÃ°Å¸ÂÂ½,index pointing up medium skin tone,indeks menunjuk ke atas warna kulit sedang
288,â˜ğŸ¾,number,nomor,Ã¢ËœÂÃ°Å¸ÂÂ¾,index pointing up medium-dark skin tone,indeks menunjuk ke atas warna kulit sedang-gelap
289,â˜ğŸ¿,number,nomor,Ã¢ËœÂÃ°Å¸ÂÂ¿,index pointing up dark skin tone,indeks menunjuk ke atas warna kulit gelap
290,ğŸ‘,clap,tepuk,Ã°Å¸â€˜Â,clapping hands,bertepuk tangan
291,ğŸ‘ğŸ»,clap,tepuk,Ã°Å¸â€˜ÂÃ°Å¸ÂÂ»,clapping hands light skin tone,bertepuk tangan warna kulit cerah
292,ğŸ‘ğŸ¼,clap,tepuk,Ã°Å¸â€˜ÂÃ°Å¸ÂÂ¼,clapping hands medium-light skin tone,bertepuk tangan warna kulit cerah-sedang
293,ğŸ‘ğŸ½,clap,tepuk,Ã°Å¸â€˜ÂÃ°Å¸ÂÂ½,clapping hands medium skin tone,bertepuk tangan warna kulit sedang
294,ğŸ‘ğŸ¾,clap,tepuk,Ã°Å¸â€˜ÂÃ°Å¸ÂÂ¾,clapping hands medium-dark skin tone,bertepuk tangan warna kulit sedang-gelap
295,ğŸ‘ğŸ¿,clap,tepuk,Ã°Å¸â€˜ÂÃ°Å¸ÂÂ¿,clapping hands dark skin tone,bertepuk tangan warna kulit gelap
296,ğŸ’ª,bicep,bisep,Ã°Å¸â€™Âª,flexed biceps,bisep tertekuk
297,ğŸ’ªğŸ»,bicep,bisep,Ã°Å¸â€™ÂªÃ°Å¸ÂÂ»,flexed biceps light skin tone,bisep tertekuk warna kulit cerah
298,ğŸ’ªğŸ¼,bicep,bisep,Ã°Å¸â€™ÂªÃ°Å¸ÂÂ¼,flexed biceps medium-light skin tone,bisep tertekuk warna kulit cerah sedang
299,ğŸ’ªğŸ½,bicep,bisep,Ã°Å¸â€™ÂªÃ°Å¸ÂÂ½,flexed biceps medium skin tone,bisep tertekuk warna kulit sedang
300,ğŸ’ªğŸ¾,bicep,bisep,Ã°Å¸â€™ÂªÃ°Å¸ÂÂ¾,flexed biceps medium-dark skin tone,bisep tertekuk warna kulit sedang-gelap
301,ğŸ’ªğŸ¿,bicep,bisep,Ã°Å¸â€™ÂªÃ°Å¸ÂÂ¿,flexed biceps dark skin tone,bisep tertekuk warna kulit gelap
302,ğŸš¶,walk,berjalan,Ã°Å¸Å¡Â¶,person walking,orang berjalan
303,ğŸš¶ğŸ»,walk,berjalan,Ã°Å¸Å¡Â¶Ã°Å¸ÂÂ»,person walking light skin tone,orang berjalan warna kulit terang
304,ğŸš¶ğŸ¼,walk,berjalan,Ã°Å¸Å¡Â¶Ã°Å¸ÂÂ¼,person walking medium-light skin tone,orang berjalan dengan warna kulit cerah sedang
305,ğŸš¶ğŸ½,walk,berjalan,Ã°Å¸Å¡Â¶Ã°Å¸ÂÂ½,person walking medium skin tone,orang berjalan dengan warna kulit sedang
306,ğŸš¶ğŸ¾,walk,berjalan,Ã°Å¸Å¡Â¶Ã°Å¸ÂÂ¾,person walking medium-dark skin tone,orang berjalan dengan warna kulit sedang-gelap
307,ğŸš¶ğŸ¿,walk,berjalan,Ã°Å¸Å¡Â¶Ã°Å¸ÂÂ¿,person walking dark skin tone,orang berjalan dengan warna kulit gelap
308,ğŸƒ,run,berlari,Ã°Å¸ÂÆ’,person running,orang berlari
309,ğŸƒğŸ»,run,berlari,Ã°Å¸ÂÆ’Ã°Å¸ÂÂ»,person running light skin tone,orang yang memiliki warna kulit terang
310,ğŸƒğŸ¼,run,berlari,Ã°Å¸ÂÆ’Ã°Å¸ÂÂ¼,person running medium-light skin tone,orang yang memiliki warna kulit cerah sedang
311,ğŸƒğŸ½,run,berlari,Ã°Å¸ÂÆ’Ã°Å¸ÂÂ½,person running medium skin tone,orang yang memiliki warna kulit sedang
312,ğŸƒğŸ¾,run,berlari,Ã°Å¸ÂÆ’Ã°Å¸ÂÂ¾,person running medium-dark skin tone,orang yang memiliki warna kulit sedang-gelap
313,ğŸƒğŸ¿,run,berlari,Ã°Å¸ÂÆ’Ã°Å¸ÂÂ¿,person running dark skin tone,orang yang berkulit gelap
314,ğŸ’ƒ,salsa,salsa,Ã°Å¸â€™Æ’,woman dancing,wanita menari
315,ğŸ’ƒğŸ»,salsa,salsa,Ã°Å¸â€™Æ’Ã°Å¸ÂÂ»,woman dancing light skin tone,wanita menari warna kulit cerah
316,ğŸ’ƒğŸ¼,salsa,salsa,Ã°Å¸â€™Æ’Ã°Å¸ÂÂ¼,woman dancing medium-light skin tone,wanita menari warna kulit cerah sedang
317,ğŸ’ƒğŸ½,salsa,salsa,Ã°Å¸â€™Æ’Ã°Å¸ÂÂ½,woman dancing medium skin tone,wanita menari warna kulit sedang
318,ğŸ’ƒğŸ¾,salsa,salsa,Ã°Å¸â€™Æ’Ã°Å¸ÂÂ¾,woman dancing medium-dark skin tone,wanita menari warna kulit gelap-sedang
319,ğŸ’ƒğŸ¿,salsa,salsa,Ã°Å¸â€™Æ’Ã°Å¸ÂÂ¿,woman dancing dark skin tone,wanita menari warna kulit gelap
320,ğŸ‘«,couple,pasangan,Ã°Å¸â€˜Â«,woman and man holding hands,wanita dan pria berpegangan tangan
321,ğŸ‘ª,family,keluarga,Ã°Å¸â€˜Âª,family,keluarga
322,ğŸ‘¨â€ğŸ‘©â€ğŸ‘§,family,keluarga,Ã°Å¸â€˜Â¨Ã¢â‚¬ÂÃ°Å¸â€˜Â©Ã¢â‚¬ÂÃ°Å¸â€˜Â§,family man woman girl,gadis wanita pria keluarga
323,ğŸ‘¨â€ğŸ‘©â€ğŸ‘§â€ğŸ‘¦,family,keluarga,Ã°Å¸â€˜Â¨Ã¢â‚¬ÂÃ°Å¸â€˜Â©Ã¢â‚¬ÂÃ°Å¸â€˜Â§Ã¢â‚¬ÂÃ°Å¸â€˜Â¦,family man woman girl boy,keluarga pria wanita gadis anak laki-laki
324,ğŸ‘¨â€ğŸ‘©â€ğŸ‘¦â€ğŸ‘¦,family,keluarga,Ã°Å¸â€˜Â¨Ã¢â‚¬ÂÃ°Å¸â€˜Â©Ã¢â‚¬ÂÃ°Å¸â€˜Â¦Ã¢â‚¬ÂÃ°Å¸â€˜Â¦,family man woman boy boy,keluarga pria wanita anak laki-laki anak laki-laki
325,ğŸ‘¨â€ğŸ‘©â€ğŸ‘§â€ğŸ‘§,family,keluarga,Ã°Å¸â€˜Â¨Ã¢â‚¬ÂÃ°Å¸â€˜Â©Ã¢â‚¬ÂÃ°Å¸â€˜Â§Ã¢â‚¬ÂÃ°Å¸â€˜Â§,family man woman girl girl,gadis keluarga pria wanita gadis
326,ğŸ‘©â€ğŸ‘©â€ğŸ‘¦,family,keluarga,Ã°Å¸â€˜Â©Ã¢â‚¬ÂÃ°Å¸â€˜Â©Ã¢â‚¬ÂÃ°Å¸â€˜Â¦,family woman woman boy,wanita keluarga wanita anak laki-laki
327,ğŸ‘©â€ğŸ‘©â€ğŸ‘§,family,keluarga,Ã°Å¸â€˜Â©Ã¢â‚¬ÂÃ°Å¸â€˜Â©Ã¢â‚¬ÂÃ°Å¸â€˜Â§,family woman woman girl,wanita keluarga wanita gadis
328,ğŸ‘©â€ğŸ‘©â€ğŸ‘§â€ğŸ‘¦,family,keluarga,Ã°Å¸â€˜Â©Ã¢â‚¬ÂÃ°Å¸â€˜Â©Ã¢â‚¬ÂÃ°Å¸â€˜Â§Ã¢â‚¬ÂÃ°Å¸â€˜Â¦,family woman woman girl boy,wanita keluarga wanita gadis anak laki-laki
329,ğŸ‘©â€ğŸ‘©â€ğŸ‘¦â€ğŸ‘¦,family,keluarga,Ã°Å¸â€˜Â©Ã¢â‚¬ÂÃ°Å¸â€˜Â©Ã¢â‚¬ÂÃ°Å¸â€˜Â¦Ã¢â‚¬ÂÃ°Å¸â€˜Â¦,family woman woman boy boy,keluarga wanita wanita anak laki-laki anak laki-laki
330,ğŸ‘©â€ğŸ‘©â€ğŸ‘§â€ğŸ‘§,family,keluarga,Ã°Å¸â€˜Â©Ã¢â‚¬ÂÃ°Å¸â€˜Â©Ã¢â‚¬ÂÃ°Å¸â€˜Â§Ã¢â‚¬ÂÃ°Å¸â€˜Â§,family woman woman girl girl,wanita keluarga wanita gadis gadis
331,ğŸ‘¨â€ğŸ‘¨â€ğŸ‘¦,family,keluarga,Ã°Å¸â€˜Â¨Ã¢â‚¬ÂÃ°Å¸â€˜Â¨Ã¢â‚¬ÂÃ°Å¸â€˜Â¦,family man man boy,laki-laki keluarga laki-laki laki-laki
332,ğŸ‘¨â€ğŸ‘¨â€ğŸ‘§,family,keluarga,Ã°Å¸â€˜Â¨Ã¢â‚¬ÂÃ°Å¸â€˜Â¨Ã¢â‚¬ÂÃ°Å¸â€˜Â§,family man man girl,gadis pria pria keluarga
333,ğŸ‘¨â€ğŸ‘¨â€ğŸ‘§â€ğŸ‘¦,family,keluarga,Ã°Å¸â€˜Â¨Ã¢â‚¬ÂÃ°Å¸â€˜Â¨Ã¢â‚¬ÂÃ°Å¸â€˜Â§Ã¢â‚¬ÂÃ°Å¸â€˜Â¦,family man man girl boy,laki-laki keluarga laki-laki perempuan laki-laki
334,ğŸ‘¨â€ğŸ‘¨â€ğŸ‘¦â€ğŸ‘¦,family,keluarga,Ã°Å¸â€˜Â¨Ã¢â‚¬ÂÃ°Å¸â€˜Â¨Ã¢â‚¬ÂÃ°Å¸â€˜Â¦Ã¢â‚¬ÂÃ°Å¸â€˜Â¦,family man man boy boy,laki-laki keluarga laki-laki laki-laki laki-laki
335,ğŸ‘¨â€ğŸ‘¨â€ğŸ‘§â€ğŸ‘§,family,keluarga,Ã°Å¸â€˜Â¨Ã¢â‚¬ÂÃ°Å¸â€˜Â¨Ã¢â‚¬ÂÃ°Å¸â€˜Â§Ã¢â‚¬ÂÃ°Å¸â€˜Â§,family man man girl girl,gadis pria pria keluarga gadis
336,ğŸ‘¬,men,laki-laki,Ã°Å¸â€˜Â¬,men holding hands,pria berpegangan tangan
337,ğŸ‘­,women,wanita,Ã°Å¸â€˜Â­,women holding hands,wanita berpegangan tangan
338,ğŸ’,coupleheart,pasangan hati,Ã°Å¸â€™Â,kiss,ciuman
339,ğŸ’‘,coupleheart,pasangan hati,Ã°Å¸â€™â€˜,couple with heart,berpasangan dengan hati
340,ğŸ‘¯,dancers,penari,Ã°Å¸â€˜Â¯,people with bunny ears,orang dengan telinga kelinci
341,ğŸ™†,O,HAI,Ã°Å¸â„¢â€ ,person gesturing OK,orang memberi isyarat OK
342,ğŸ™†ğŸ»,O,HAI,Ã°Å¸â„¢â€ Ã°Å¸ÂÂ»,person gesturing OK light skin tone,orang memberi isyarat oke warna kulit terang
343,ğŸ™†ğŸ¼,O,HAI,Ã°Å¸â„¢â€ Ã°Å¸ÂÂ¼,person gesturing OK medium-light skin tone,orang yang memberi isyarat oke warna kulit cerah sedang
344,ğŸ™†ğŸ½,O,HAI,Ã°Å¸â„¢â€ Ã°Å¸ÂÂ½,person gesturing OK medium skin tone,orang memberi isyarat oke warna kulit sedang
345,ğŸ™†ğŸ¾,O,HAI,Ã°Å¸â„¢â€ Ã°Å¸ÂÂ¾,person gesturing OK medium-dark skin tone,orang yang memberi isyarat oke warna kulit sedang-gelap
346,ğŸ™†ğŸ¿,O,HAI,Ã°Å¸â„¢â€ Ã°Å¸ÂÂ¿,person gesturing OK dark skin tone,orang memberi isyarat warna kulit OK gelap
347,ğŸ™…,X,X,Ã°Å¸â„¢â€¦,person gesturing NO,orang yang memberi isyarat TIDAK
348,ğŸ™…ğŸ»,X,X,Ã°Å¸â„¢â€¦Ã°Å¸ÂÂ»,person gesturing NO light skin tone,orang yang memberi isyarat TIDAK memiliki warna kulit cerah
349,ğŸ™…ğŸ¼,X,X,Ã°Å¸â„¢â€¦Ã°Å¸ÂÂ¼,person gesturing NO medium-light skin tone,orang yang memberi isyarat TIDAK memiliki warna kulit cerah sedang
350,ğŸ™…ğŸ½,X,X,Ã°Å¸â„¢â€¦Ã°Å¸ÂÂ½,person gesturing NO medium skin tone,orang yang memberi isyarat TIDAK memiliki warna kulit sedang
351,ğŸ™…ğŸ¾,X,X,Ã°Å¸â„¢â€¦Ã°Å¸ÂÂ¾,person gesturing NO medium-dark skin tone,orang yang memberi isyarat TIDAK memiliki warna kulit sedang-gelap
352,ğŸ™…ğŸ¿,X,X,Ã°Å¸â„¢â€¦Ã°Å¸ÂÂ¿,person gesturing NO dark skin tone,orang yang memberi isyarat TIDAK memiliki warna kulit gelap
353,ğŸ’,Chrissy,Chrissy,Ã°Å¸â€™Â,person tipping hand,orang menengadahkan tangan
354,ğŸ’ğŸ»,Chrissy,Chrissy,Ã°Å¸â€™ÂÃ°Å¸ÂÂ»,person tipping hand light skin tone,orang memberi tip warna kulit cerah
355,ğŸ’ğŸ¼,Chrissy,Chrissy,Ã°Å¸â€™ÂÃ°Å¸ÂÂ¼,person tipping hand medium-light skin tone,orang menengadahkan tangan warna kulit cerah-sedang
356,ğŸ’ğŸ½,Chrissy,Chrissy,Ã°Å¸â€™ÂÃ°Å¸ÂÂ½,person tipping hand medium skin tone,orang memberi tip pada tangan warna kulit sedang
357,ğŸ’ğŸ¾,Chrissy,Chrissy,Ã°Å¸â€™ÂÃ°Å¸ÂÂ¾,person tipping hand medium-dark skin tone,orang menengadahkan tangan warna kulit sedang gelap
358,ğŸ’ğŸ¿,Chrissy,Chrissy,Ã°Å¸â€™ÂÃ°Å¸ÂÂ¿,person tipping hand dark skin tone,orang memberi tip pada warna kulit gelap
359,ğŸ™‹,handraise,mengangkat tangan,Ã°Å¸â„¢â€¹,person raising hand,orang mengangkat tangan
360,ğŸ™‹ğŸ»,handraise,mengangkat tangan,Ã°Å¸â„¢â€¹Ã°Å¸ÂÂ»,person raising hand light skin tone,orang mengangkat tangan warna kulit cerah
361,ğŸ™‹ğŸ¼,handraise,mengangkat tangan,Ã°Å¸â„¢â€¹Ã°Å¸ÂÂ¼,person raising hand medium-light skin tone,orang mengangkat tangan warna kulit cerah-sedang
362,ğŸ™‹ğŸ½,handraise,mengangkat tangan,Ã°Å¸â„¢â€¹Ã°Å¸ÂÂ½,person raising hand medium skin tone,orang mengangkat tangan warna kulit sedang
363,ğŸ™‹ğŸ¾,handraise,mengangkat tangan,Ã°Å¸â„¢â€¹Ã°Å¸ÂÂ¾,person raising hand medium-dark skin tone,orang mengangkat tangan warna kulit gelap-sedang
364,ğŸ™‹ğŸ¿,handraise,mengangkat tangan,Ã°Å¸â„¢â€¹Ã°Å¸ÂÂ¿,person raising hand dark skin tone,orang mengangkat tangan warna kulit gelap
365,ğŸ’†,washhair,keramas,Ã°Å¸â€™â€ ,person getting massage,orang yang dipijat
366,ğŸ’†ğŸ»,washhair,keramas,Ã°Å¸â€™â€ Ã°Å¸ÂÂ»,person getting massage light skin tone,orang dipijat dengan warna kulit cerah
367,ğŸ’†ğŸ¼,washhair,keramas,Ã°Å¸â€™â€ Ã°Å¸ÂÂ¼,person getting massage medium-light skin tone,orang yang dipijat warna kulit cerah sedang
368,ğŸ’†ğŸ½,washhair,keramas,Ã°Å¸â€™â€ Ã°Å¸ÂÂ½,person getting massage medium skin tone,orang dipijat dengan warna kulit sedang
369,ğŸ’†ğŸ¾,washhair,keramas,Ã°Å¸â€™â€ Ã°Å¸ÂÂ¾,person getting massage medium-dark skin tone,orang yang dipijat warna kulitnya sedang-gelap
370,ğŸ’†ğŸ¿,washhair,keramas,Ã°Å¸â€™â€ Ã°Å¸ÂÂ¿,person getting massage dark skin tone,orang dipijat dengan warna kulit gelap
371,ğŸ’‡,cuthair,potong rambut,Ã°Å¸â€™â€¡,person getting haircut,orang sedang potong rambut
372,ğŸ’‡ğŸ»,cuthair,potong rambut,Ã°Å¸â€™â€¡Ã°Å¸ÂÂ»,person getting haircut light skin tone,orang yang potong rambut warna kulit terang
373,ğŸ’‡ğŸ¼,cuthair,potong rambut,Ã°Å¸â€™â€¡Ã°Å¸ÂÂ¼,person getting haircut medium-light skin tone,orang yang potong rambut warna kulit cerah sedang
374,ğŸ’‡ğŸ½,cuthair,potong rambut,Ã°Å¸â€™â€¡Ã°Å¸ÂÂ½,person getting haircut medium skin tone,orang yang potong rambut warna kulit sedang
375,ğŸ’‡ğŸ¾,cuthair,potong rambut,Ã°Å¸â€™â€¡Ã°Å¸ÂÂ¾,person getting haircut medium-dark skin tone,orang yang potong rambut warna kulit sedang gelap
376,ğŸ’‡ğŸ¿,cuthair,potong rambut,Ã°Å¸â€™â€¡Ã°Å¸ÂÂ¿,person getting haircut dark skin tone,orang yang potong rambut warna kulit gelap
377,ğŸ’…,nails,kuku,Ã°Å¸â€™â€¦,nail polish,cat kuku
378,ğŸ’…ğŸ»,nails,kuku,Ã°Å¸â€™â€¦Ã°Å¸ÂÂ»,nail polish light skin tone,cat kuku warna kulit terang
379,ğŸ’…ğŸ¼,nails,kuku,Ã°Å¸â€™â€¦Ã°Å¸ÂÂ¼,nail polish medium-light skin tone,cat kuku warna kulit cerah sedang
380,ğŸ’…ğŸ½,nails,kuku,Ã°Å¸â€™â€¦Ã°Å¸ÂÂ½,nail polish medium skin tone,cat kuku warna kulit sedang
381,ğŸ’…ğŸ¾,nails,kuku,Ã°Å¸â€™â€¦Ã°Å¸ÂÂ¾,nail polish medium-dark skin tone,cat kuku warna kulit sedang-gelap
382,ğŸ’…ğŸ¿,nails,kuku,Ã°Å¸â€™â€¦Ã°Å¸ÂÂ¿,nail polish dark skin tone,cat kuku warna kulit gelap
383,ğŸ‘°,bride,pengantin perempuan,Ã°Å¸â€˜Â°,person with veil,orang bercadar
384,ğŸ‘°ğŸ»,bride,pengantin perempuan,Ã°Å¸â€˜Â°Ã°Å¸ÂÂ»,person with veil light skin tone,orang berjilbab warna kulit cerah
385,ğŸ‘°ğŸ¼,bride,pengantin perempuan,Ã°Å¸â€˜Â°Ã°Å¸ÂÂ¼,person with veil medium-light skin tone,orang berjilbab warna kulit cerah sedang
386,ğŸ‘°ğŸ½,bride,pengantin perempuan,Ã°Å¸â€˜Â°Ã°Å¸ÂÂ½,person with veil medium skin tone,orang berjilbab warna kulit sedang
387,ğŸ‘°ğŸ¾,bride,pengantin perempuan,Ã°Å¸â€˜Â°Ã°Å¸ÂÂ¾,person with veil medium-dark skin tone,orang berjilbab warna kulit gelap-sedang
388,ğŸ‘°ğŸ¿,bride,pengantin perempuan,Ã°Å¸â€˜Â°Ã°Å¸ÂÂ¿,person with veil dark skin tone,orang berjilbab warna kulit gelap
389,ğŸ™,whistle,peluit,Ã°Å¸â„¢Å½,person pouting,orang cemberut
390,ğŸ™ğŸ»,whistle,peluit,Ã°Å¸â„¢Å½Ã°Å¸ÂÂ»,person pouting light skin tone,orang cemberut warna kulit terang
391,ğŸ™ğŸ¼,whistle,peluit,Ã°Å¸â„¢Å½Ã°Å¸ÂÂ¼,person pouting medium-light skin tone,orang yang cemberut warna kulitnya cerah-sedang
392,ğŸ™ğŸ½,whistle,peluit,Ã°Å¸â„¢Å½Ã°Å¸ÂÂ½,person pouting medium skin tone,orang cemberut warna kulit sedang
393,ğŸ™ğŸ¾,whistle,peluit,Ã°Å¸â„¢Å½Ã°Å¸ÂÂ¾,person pouting medium-dark skin tone,orang yang cemberut warna kulitnya gelap-sedang
394,ğŸ™ğŸ¿,whistle,peluit,Ã°Å¸â„¢Å½Ã°Å¸ÂÂ¿,person pouting dark skin tone,orang cemberut warna kulit gelap
395,ğŸ™,sad,sedih,Ã°Å¸â„¢Â,person frowning,orang mengerutkan kening
396,ğŸ™ğŸ»,sad,sedih,Ã°Å¸â„¢ÂÃ°Å¸ÂÂ»,person frowning light skin tone,"orang mengerutkan kening, warna kulit cerah"
397,ğŸ™ğŸ¼,sad,sedih,Ã°Å¸â„¢ÂÃ°Å¸ÂÂ¼,person frowning medium-light skin tone,orang mengerutkan kening warna kulit cerah-sedang
398,ğŸ™ğŸ½,sad,sedih,Ã°Å¸â„¢ÂÃ°Å¸ÂÂ½,person frowning medium skin tone,orang mengerutkan kening warna kulit sedang
399,ğŸ™ğŸ¾,sad,sedih,Ã°Å¸â„¢ÂÃ°Å¸ÂÂ¾,person frowning medium-dark skin tone,orang mengerutkan kening warna kulit gelap-sedang
400,ğŸ™ğŸ¿,sad,sedih,Ã°Å¸â„¢ÂÃ°Å¸ÂÂ¿,person frowning dark skin tone,orang mengerutkan kening warna kulit gelap
401,ğŸ™‡,headdown,Menunduk,Ã°Å¸â„¢â€¡,person bowing,orang membungkuk
402,ğŸ™‡ğŸ»,headdown,Menunduk,Ã°Å¸â„¢â€¡Ã°Å¸ÂÂ»,person bowing light skin tone,orang membungkuk warna kulit terang
403,ğŸ™‡ğŸ¼,headdown,Menunduk,Ã°Å¸â„¢â€¡Ã°Å¸ÂÂ¼,person bowing medium-light skin tone,orang membungkuk warna kulit cerah sedang
404,ğŸ™‡ğŸ½,headdown,Menunduk,Ã°Å¸â„¢â€¡Ã°Å¸ÂÂ½,person bowing medium skin tone,orang membungkuk warna kulit sedang
405,ğŸ™‡ğŸ¾,headdown,Menunduk,Ã°Å¸â„¢â€¡Ã°Å¸ÂÂ¾,person bowing medium-dark skin tone,orang yang membungkuk warna kulitnya gelap-sedang
406,ğŸ™‡ğŸ¿,headdown,Menunduk,Ã°Å¸â„¢â€¡Ã°Å¸ÂÂ¿,person bowing dark skin tone,orang membungkuk warna kulit gelap
407,ğŸ©,tophat,pucuk topi,Ã°Å¸Å½Â©,top hat,pucuk topi
408,ğŸ‘‘,crown,mahkota,Ã°Å¸â€˜â€˜,crown,mahkota
409,ğŸ‘’,derbyhat,derbyhat,Ã°Å¸â€˜â€™,womanâ€™s hat,topi wanita
410,ğŸ‘Ÿ,whiteshoe,sepatu putih,Ã°Å¸â€˜Å¸,running shoe,sepatu lari
411,ğŸ‘,brownshoe,sepatu coklat,Ã°Å¸â€˜Å¾,manâ€™s shoe,sepatu pria
412,ğŸ‘¡,slipon,tergelincir,Ã°Å¸â€˜Â¡,womanâ€™s sandal,sandal wanita
413,ğŸ‘ ,heel,tumit,Ã°Å¸â€˜,high-heeled shoe,sepatu hak tinggi
414,ğŸ‘¢,boot,boot,Ã°Å¸â€˜Â¢,womanâ€™s boot,sepatu bot wanita
415,ğŸ‘•,polo,polo,Ã°Å¸â€˜â€¢,t-shirt,kaos
416,ğŸ‘”,shirttie,dasi kemeja,Ã°Å¸â€˜â€,necktie,dasi
417,ğŸ‘š,blouse,blus,Ã°Å¸â€˜Å¡,womanâ€™s clothes,pakaian wanita
418,ğŸ‘—,dress,gaun,Ã°Å¸â€˜â€”,dress,gaun
419,ğŸ½,workout,olahraga,Ã°Å¸Å½Â½,running shirt,kemeja lari
420,ğŸ‘–,jeans,jeans,Ã°Å¸â€˜â€“,jeans,jeans
421,ğŸ‘˜,asian,Asia,Ã°Å¸â€˜Ëœ,kimono,kimono
422,ğŸ‘™,bikini,bikini,Ã°Å¸â€˜â„¢,bikini,bikini
423,ğŸ’¼,brief,singkat,Ã°Å¸â€™Â¼,briefcase,tas kantor
424,ğŸ‘œ,bag,tas,Ã°Å¸â€˜Å“,handbag,tas tangan
425,ğŸ‘,bag,tas,Ã°Å¸â€˜Â,clutch bag,dompet tangan
426,ğŸ‘›,bag,tas,Ã°Å¸â€˜â€º,purse,tas kecil
427,ğŸ‘“,glasses,kacamata,Ã°Å¸â€˜â€œ,glasses,kacamata
428,ğŸ€,bow,busur,Ã°Å¸Å½â‚¬,ribbon,pita
429,ğŸŒ‚,umbrella,payung,Ã°Å¸Å’â€š,closed umbrella,payung tertutup
430,ğŸ’„,lipstick,lipstik,Ã°Å¸â€™â€,lipstick,lipstik
431,ğŸ’›,yellowheart,hati kuning,Ã°Å¸â€™â€º,yellow heart,hati kuning
432,ğŸ’™,blueheart,hati biru,Ã°Å¸â€™â„¢,blue heart,hati biru
433,ğŸ’œ,purpleheart,hati ungu,Ã°Å¸â€™Å“,purple heart,hati ungu
434,ğŸ’š,greenheart,hati hijau,Ã°Å¸â€™Å¡,green heart,hati hijau
435,â¤ï¸,redheart,hati merah,Ã¢ÂÂ¤Ã¯Â¸Â,red heart,hati merah
436,ğŸ’”,brokenheart,patah hati,Ã°Å¸â€™â€,broken heart,patah hati
437,ğŸ’—,growingheart,tumbuh hati,Ã°Å¸â€™â€”,growing heart,hati yang semakin membesar
438,ğŸ’“,ringingheart,dering jantung,Ã°Å¸â€™â€œ,beating heart,jantung berdebar
439,ğŸ’•,twohearts,dua hati,Ã°Å¸â€™â€¢,two hearts,dua hati
440,ğŸ’–,sparkleheart,berkilau hati,Ã°Å¸â€™â€“,sparkling heart,hati yang berkilau
441,ğŸ’,revolvingheart,hati berputar,Ã°Å¸â€™Å¾,revolving hearts,hati yang berputar
442,ğŸ’˜,cupidheart,dewa asmara,Ã°Å¸â€™Ëœ,heart with arrow,hati dengan panah
443,ğŸ’Œ,letterheart,surat hati,Ã°Å¸â€™Å’,love letter,surat cinta
444,ğŸ’‹,lips,bibir,Ã°Å¸â€™â€¹,kiss mark,tanda cium
445,ğŸ’,ring,cincin,Ã°Å¸â€™Â,ring,cincin
446,ğŸ’,diamond,berlian,Ã°Å¸â€™Å½,gem stone,batu permata
447,ğŸ‘¤,user,pengguna,Ã°Å¸â€˜Â¤,bust in silhouette,payudara dalam siluet
448,ğŸ‘¥,user,pengguna,Ã°Å¸â€˜Â¥,busts in silhouette,patung dalam siluet
449,ğŸ’¬,message,pesan,Ã°Å¸â€™Â¬,speech balloon,balon ucapan
450,ğŸ‘£,footprint,tapak,Ã°Å¸â€˜Â£,footprints,jejak kaki
451,ğŸ’­,thought,pikiran,Ã°Å¸â€™Â­,thought balloon,balon pikiran
452,ğŸ¶,dog,anjing,Ã°Å¸ÂÂ¶,dog face,muka anjing
453,ğŸº,fox,rubah,Ã°Å¸ÂÂº,wolf,serigala
454,ğŸ±,cat,kucing,Ã°Å¸ÂÂ±,cat face,wajah kucing
455,ğŸ­,mouse,mouse,Ã°Å¸ÂÂ­,mouse face,wajah tikus
456,ğŸ¹,mouse,mouse,Ã°Å¸ÂÂ¹,hamster,hamster
457,ğŸ°,rabbit,kelinci,Ã°Å¸ÂÂ°,rabbit face,wajah kelinci
458,ğŸ¸,frog,katak,Ã°Å¸ÂÂ¸,frog,katak
459,ğŸ¯,tiger,harimau,Ã°Å¸ÂÂ¯,tiger face,wajah harimau
460,ğŸ¨,koala,koala,Ã°Å¸ÂÂ¨,koala,koala
461,ğŸ»,bear,beruang,Ã°Å¸ÂÂ»,bear,beruang
462,ğŸ·,pig,babi,Ã°Å¸ÂÂ·,pig face,muka babi
463,ğŸ½,pig,babi,Ã°Å¸ÂÂ½,pig nose,hidung babi
464,ğŸ®,cow,sapi,Ã°Å¸ÂÂ®,cow face,wajah sapi
465,ğŸ—,warthog,babi hutan,Ã°Å¸Ââ€”,boar,babi hutan
466,ğŸµ,monkey,monyet,Ã°Å¸ÂÂµ,monkey face,wajah monyet
467,ğŸ’,monkey,monyet,Ã°Å¸Ââ€™,monkey,monyet
468,ğŸ´,horse,kuda,Ã°Å¸ÂÂ´,horse face,wajah kuda
469,ğŸ‘,sheep,domba,Ã°Å¸Ââ€˜,ewe,biri-biri betina
470,ğŸ˜,elephant,gajah,Ã°Å¸ÂËœ,elephant,gajah
471,ğŸ¼,panda,panda,Ã°Å¸ÂÂ¼,panda,panda
472,ğŸ§,penguin,pinguin,Ã°Å¸ÂÂ§,penguin,pinguin
473,ğŸ¦,penguin,pinguin,Ã°Å¸ÂÂ¦,bird,burung
474,ğŸ¤,chick,anak ayam,Ã°Å¸ÂÂ¤,baby chick,anak ayam
475,ğŸ¥,chick,anak ayam,Ã°Å¸ÂÂ¥,front-facing baby chick,bayi ayam yang menghadap ke depan
476,ğŸ¥,chick,anak ayam,Ã°Å¸ÂÂ£,front-facing baby chick,bayi ayam yang menghadap ke depan
477,ğŸ¥,chick,anak ayam,Ã°Å¸Ââ€,front-facing baby chick,bayi ayam yang menghadap ke depan
478,ğŸ£,chick,anak ayam,Ã°Å¸ÂÂ¥,hatching chick,menetaskan anak ayam
479,ğŸ£,chick,anak ayam,Ã°Å¸ÂÂ£,hatching chick,menetaskan anak ayam
480,ğŸ£,chick,anak ayam,Ã°Å¸Ââ€,hatching chick,menetaskan anak ayam
481,ğŸ”,chick,anak ayam,Ã°Å¸ÂÂ¥,chicken,ayam
482,ğŸ”,chick,anak ayam,Ã°Å¸ÂÂ£,chicken,ayam
483,ğŸ”,chick,anak ayam,Ã°Å¸Ââ€,chicken,ayam
484,ğŸ,snake,ular,Ã°Å¸ÂÂ,snake,ular
485,ğŸ¢,turtle,penyu,Ã°Å¸ÂÂ¢,turtle,penyu
486,ğŸ›,caterpillar,ulat,Ã°Å¸Ââ€º,bug,serangga
487,ğŸ,bee,lebah,Ã°Å¸ÂÂ,honeybee,lebah madu
488,ğŸœ,ant,semut,Ã°Å¸ÂÅ“,ant,semut
489,ğŸ,ladybug,kepik,Ã°Å¸ÂÅ¾,lady beetle,wanita kumbang
490,ğŸŒ,snail,siput,Ã°Å¸ÂÅ’,snail,siput
491,ğŸ™,octopus,gurita,Ã°Å¸Ââ„¢,octopus,gurita
492,ğŸš,shell,kerang,Ã°Å¸ÂÅ¡,spiral shell,cangkang spiral
493,ğŸ ,fish,ikan,Ã°Å¸Â,tropical fish,ikan tropis
494,ğŸŸ,fish,ikan,Ã°Å¸ÂÅ¸,fish,ikan
495,ğŸ¬,dolphin,lumba-lumba,Ã°Å¸ÂÂ¬,dolphin,lumba-lumba
496,ğŸ³,whale,paus,Ã°Å¸ÂÂ³,spouting whale,paus yang menyemburkan
497,ğŸ‹,whale,paus,Ã°Å¸Ââ€¹,whale,paus
498,ğŸ„,cow,sapi,Ã°Å¸Ââ€,cow,sapi
499,ğŸ,sheep,domba,Ã°Å¸ÂÂ,ram,ram
500,ğŸ€,mouse,mouse,Ã°Å¸Ââ‚¬,rat,tikus
501,ğŸƒ,ox,sapi,Ã°Å¸ÂÆ’,water buffalo,kerbau air
502,ğŸ…,tiger,harimau,Ã°Å¸Ââ€¦,tiger,harimau
503,ğŸ‡,rabbit,kelinci,Ã°Å¸Ââ€¡,rabbit,kelinci
504,ğŸ‰,dragon,naga,Ã°Å¸Ââ€°,dragon,naga
505,ğŸ,horse,kuda,Ã°Å¸ÂÅ½,horse,kuda
506,ğŸ,goat,kambing,Ã°Å¸ÂÂ,goat,kambing
507,ğŸ“,chicken,ayam,Ã°Å¸Ââ€œ,rooster,ayam jantan
508,ğŸ•,dog,anjing,Ã°Å¸Ââ€¢,dog,anjing
509,ğŸ–,pig,babi,Ã°Å¸Ââ€“,pig,babi
510,ğŸ,mouse,mouse,Ã°Å¸ÂÂ,mouse,mouse
511,ğŸ‚,bull,banteng,Ã°Å¸Ââ€š,ox,sapi
512,ğŸ²,dragon,naga,Ã°Å¸ÂÂ²,dragon face,wajah naga
513,ğŸ¡,puffer,burung buntal,Ã°Å¸ÂÂ¡,blowfish,ikan buntal
514,ğŸŠ,alligator,buaya,Ã°Å¸ÂÅ ,crocodile,buaya
515,ğŸ«,camel,unta,Ã°Å¸ÂÂ«,two-hump camel,unta berpunuk dua
516,ğŸª,camel,unta,Ã°Å¸ÂÂª,camel,unta
517,ğŸ†,leopard,macan tutul,Ã°Å¸Ââ€ ,leopard,macan tutul
518,ğŸˆ,cat,kucing,Ã°Å¸ÂË†,cat,kucing
519,ğŸ©,poodle,pudel,Ã°Å¸ÂÂ©,poodle,pudel
520,ğŸ¾,paw,mengais,Ã°Å¸ÂÂ¾,paw prints,cetakan kaki
521,ğŸ’,flower,bunga,Ã°Å¸â€™Â,bouquet,buket
522,ğŸŒ¸,flower,bunga,Ã°Å¸Å’Â¸,cherry blossom,bunga sakura
523,ğŸŒ·,flower,bunga,Ã°Å¸Å’Â·,tulip,bunga tulp
524,ğŸ€,shamrock,shamrock,Ã°Å¸Ââ‚¬,four leaf clover,semanggi berdaun empat
525,ğŸŒ¹,flower,bunga,Ã°Å¸Å’Â¹,rose,mawar
526,ğŸŒ»,flower,bunga,Ã°Å¸Å’Â»,sunflower,bunga matahari
527,ğŸŒº,flower,bunga,Ã°Å¸Å’Âº,hibiscus,kembang sepatu
528,ğŸ,leaf,daun,Ã°Å¸ÂÂ,maple leaf,daun maple
529,ğŸƒ,leaf,daun,Ã°Å¸ÂÆ’,leaf fluttering in wind,daun berkibar tertiup angin
530,ğŸ‚,leaf,daun,Ã°Å¸Ââ€š,fallen leaf,daun jatuh
531,ğŸŒ¿,leaf,daun,Ã°Å¸Å’Â¿,herb,herba
532,ğŸŒ¾,leaf,daun,Ã°Å¸Å’Â¾,sheaf of rice,setumpuk nasi
533,ğŸ„,mushroom,jamur,Ã°Å¸Ââ€,mushroom,jamur
534,ğŸŒµ,cactus,kaktus,Ã°Å¸Å’Âµ,cactus,kaktus
535,ğŸŒ´,palm,telapak,Ã°Å¸Å’Â´,palm tree,pohon palem
536,ğŸŒ²,evergreen,hijau abadi,Ã°Å¸Å’Â²,evergreen tree,pohon cemara
537,ğŸŒ³,tree,pohon,Ã°Å¸Å’Â³,deciduous tree,pohon gugur
538,ğŸŒ°,acorn,biji pohon ek,Ã°Å¸Å’Â°,chestnut,kastanye
539,ğŸŒ±,sprout,tumbuh,Ã°Å¸Å’Â±,seedling,bibit
540,ğŸŒ¼,flower,bunga,Ã°Å¸Å’Â¼,blossom,mekar
541,ğŸŒ,globe,bola dunia,Ã°Å¸Å’Â,globe with meridians,globe dengan meridian
542,ğŸŒ,sun,matahari,Ã°Å¸Å’Å¾,sun with face,matahari dengan wajah
543,ğŸŒ,moonface,wajah bulan,Ã°Å¸Å’Â,full moon face,wajah bulan purnama
544,ğŸŒš,newface,wajah baru,Ã°Å¸Å’Å¡,new moon face,wajah bulan baru
545,ğŸŒ‘,moon,bulan,Ã°Å¸Å’â€˜,new moon,bulan baru
546,ğŸŒ’,moon,bulan,Ã°Å¸Å’â€™,waxing crescent moon,bulan sabit yang semakin membesar
547,ğŸŒ“,moon,bulan,Ã°Å¸Å’â€œ,first quarter moon,bulan kuartal pertama
548,ğŸŒ”,moon,bulan,Ã°Å¸Å’â€,waxing gibbous moon,bulan yang semakin bungkuk
549,ğŸŒ•,moon,bulan,Ã°Å¸Å’â€¢,full moon,bulan purnama
550,ğŸŒ–,moon,bulan,Ã°Å¸Å’â€“,waning gibbous moon,memudarnya bulan bungkuk
551,ğŸŒ—,moon,bulan,Ã°Å¸Å’â€”,last quarter moon,bulan seperempat terakhir
552,ğŸŒ˜,moon,bulan,Ã°Å¸Å’Ëœ,waning crescent moon,memudarnya bulan sabit
553,ğŸŒœ,moon,bulan,Ã°Å¸Å’Å“,last quarter moon face,wajah bulan seperempat terakhir
554,ğŸŒ›,moon,bulan,Ã°Å¸Å’â€º,first quarter moon face,wajah bulan kuartal pertama
555,ğŸŒ™,moon,bulan,Ã°Å¸Å’â„¢,crescent moon,bulan Sabit
556,ğŸŒ,globe,bola dunia,Ã°Å¸Å’Â,globe showing Europe-Africa,globe menunjukkan Eropa-Afrika
557,ğŸŒ,globe,bola dunia,Ã°Å¸Å’Å½,globe showing Americas,globe yang menunjukkan benua Amerika
558,ğŸŒ,globe,bola dunia,Ã°Å¸Å’Â,globe showing Asia-Australia,globe menunjukkan Asia-Australia
559,ğŸŒ‹,volcano,gunung berapi,Ã°Å¸Å’â€¹,volcano,gunung berapi
560,ğŸŒŒ,stars,bintang,Ã°Å¸Å’Å’,milky way,Bima Sakti
561,ğŸŒ ,stars,bintang,Ã°Å¸Å’,shooting star,bintang jatuh
562,â­ï¸,stars,bintang,Ã¢Â­ÂÃ¯Â¸Â,star,bintang
563,â˜€ï¸,weather,cuaca,Ã¢Ëœâ‚¬Ã¯Â¸Â,sun,matahari
564,â›…ï¸,weather,cuaca,Ã¢â€ºâ€¦Ã¯Â¸Â,sun behind cloud,matahari di balik awan
565,â˜ï¸,weather,cuaca,Ã¢ËœÂÃ¯Â¸Â,cloud,awan
566,âš¡ï¸,weather,cuaca,Ã¢Å¡Â¡Ã¯Â¸Â,high voltage,tegangan tinggi
567,â˜”ï¸,weather,cuaca,Ã¢Ëœâ€Ã¯Â¸Â,umbrella with rain drops,payung dengan tetesan hujan
568,â„ï¸,weather,cuaca,Ã¢Ââ€Ã¯Â¸Â,snowflake,kepingan salju
569,â›„ï¸,weather,cuaca,Ã¢â€ºâ€Ã¯Â¸Â,snowman without snow,manusia salju tanpa salju
570,ğŸŒ€,spiral,spiral,Ã°Å¸Å’â‚¬,cyclone,topan
571,ğŸŒ,mountain,gunung,Ã°Å¸Å’Â,foggy,berkabut
572,ğŸŒˆ,rainbow,Pelangi,Ã°Å¸Å’Ë†,rainbow,Pelangi
573,ğŸŒŠ,wave,melambai,Ã°Å¸Å’Å ,water wave,gelombang air
574,ğŸ,pine,pinus,Ã°Å¸Å½Â,pine decoration,dekorasi pinus
575,ğŸ’,heartbox,kotak hati,Ã°Å¸â€™Â,heart with ribbon,hati dengan pita
576,ğŸ,asian,Asia,Ã°Å¸Å½Å½,Japanese dolls,boneka Jepang
577,ğŸ’,backpack,ransel,Ã°Å¸Å½â€™,backpack,ransel
578,ğŸ“,graduation,kelulusan,Ã°Å¸Å½â€œ,graduation cap,topi kelulusan
579,ğŸ,windsock,kaus kaki angin,Ã°Å¸Å½Â,carp streamer,pita ikan mas
580,ğŸ†,firework,kembang api,Ã°Å¸Å½â€ ,fireworks,kembang api
581,ğŸ‡,firework,kembang api,Ã°Å¸Å½â€¡,sparkler,kembang api
582,ğŸ,latern,nanti,Ã°Å¸Å½Â,wind chime,suara angin
583,ğŸ‘,wind,angin,Ã°Å¸Å½â€˜,moon viewing ceremony,upacara melihat bulan
584,ğŸƒ,pumpkin,labu,Ã°Å¸Å½Æ’,jack-o-lantern,jack-o-lantern
585,ğŸ‘»,ghost,hantu,Ã°Å¸â€˜Â»,ghost,hantu
586,ğŸ…,santa,santa,Ã°Å¸Å½â€¦,Santa Claus,Sinterklas
587,ğŸ…ğŸ»,santa,santa,Ã°Å¸Å½â€¦Ã°Å¸ÂÂ»,Santa Claus light skin tone,Sinterklas warna kulit cerah
588,ğŸ…ğŸ¼,santa,santa,Ã°Å¸Å½â€¦Ã°Å¸ÂÂ¼,Santa Claus medium-light skin tone,Sinterklas warna kulit cerah sedang
589,ğŸ…ğŸ½,santa,santa,Ã°Å¸Å½â€¦Ã°Å¸ÂÂ½,Santa Claus medium skin tone,Sinterklas warna kulit sedang
590,ğŸ…ğŸ¾,santa,santa,Ã°Å¸Å½â€¦Ã°Å¸ÂÂ¾,Santa Claus medium-dark skin tone,Sinterklas warna kulitnya gelap-sedang
591,ğŸ…ğŸ¿,santa,santa,Ã°Å¸Å½â€¦Ã°Å¸ÂÂ¿,Santa Claus dark skin tone,Sinterklas warna kulitnya gelap
592,ğŸ„,xmastree,pohon Natal,Ã°Å¸Å½â€,Christmas tree,pohon Natal
593,ğŸ,gift,hadiah,Ã°Å¸Å½Â,wrapped gift,hadiah yang dibungkus
594,ğŸ‹,bamboo,bambu,Ã°Å¸Å½â€¹,tanabata tree,pohon tanabata
595,ğŸ‰,party,berpesta,Ã°Å¸Å½â€°,party popper,popper pesta
596,ğŸŠ,party,berpesta,Ã°Å¸Å½Å ,confetti ball,bola konfeti
597,ğŸˆ,balloon,balon,Ã°Å¸Å½Ë†,balloon,balon
598,ğŸŒ,flags,bendera,Ã°Å¸Å½Å’,crossed flags,bendera bersilangan
599,ğŸ”®,crystalball,bola kristal,Ã°Å¸â€Â®,crystal ball,bola kristal
600,ğŸ¥,camera,kamera,Ã°Å¸Å½Â¥,movie camera,Kamera film
601,ğŸ“·,camera,kamera,Ã°Å¸â€œÂ·,camera,kamera
602,ğŸ“¹,camera,kamera,Ã°Å¸â€œÂ¹,video camera,kamera video
603,ğŸ“¼,tape,tape,Ã°Å¸â€œÂ¼,videocassette,kaset video
604,ğŸ’¿,cd,CD,Ã°Å¸â€™Â¿,optical disk,cakram optik
605,ğŸ“€,cd,CD,Ã°Å¸â€œâ‚¬,dvd,DVD
606,ğŸ’½,cd,CD,Ã°Å¸â€™Â½,computer disk,disk komputer
607,ğŸ’¾,disk,disk,Ã°Å¸â€™Â¾,floppy disk,disket
608,ğŸ’»,computer,komputer,Ã°Å¸â€™Â»,laptop,laptop
609,ğŸ“±,iphone,iPhone,Ã°Å¸â€œÂ±,mobile phone,telepon genggam
610,â˜ï¸,phone,telepon,Ã¢ËœÅ½Ã¯Â¸Â,telephone,telepon
611,ğŸ“,phone,telepon,Ã°Å¸â€œÅ¾,telephone receiver,penerima telepon
612,ğŸ“Ÿ,pager,pager,Ã°Å¸â€œÅ¸,pager,pager
613,ğŸ“ ,fax,fax,Ã°Å¸â€œ,fax machine,mesin fax
614,ğŸ“¡,microwave,gelombang mikro,Ã°Å¸â€œÂ¡,satellite antenna,antena satelit
615,ğŸ“º,tv,televisi,Ã°Å¸â€œÂº,television,televisi
616,ğŸ“»,radio,radio,Ã°Å¸â€œÂ»,radio,radio
617,ğŸ”Š,speaker,pembicara,Ã°Å¸â€Å ,speaker high volume,pengeras suara volume tinggi
618,ğŸ”‰,speaker,pembicara,Ã°Å¸â€â€°,speaker medium volume,pengeras suara volume sedang
619,ğŸ”ˆ,speaker,pembicara,Ã°Å¸â€Ë†,speaker low volume,pengeras suara volume rendah
620,ğŸ”‡,speaker,pembicara,Ã°Å¸â€â€¡,muted speaker,pembicara yang diredam
621,ğŸ””,bell,lonceng,Ã°Å¸â€â€,bell,lonceng
622,ğŸ”•,bell,lonceng,Ã°Å¸â€â€¢,bell with slash,bel dengan garis miring
623,ğŸ“¢,speaker,pembicara,Ã°Å¸â€œÂ¢,loudspeaker,pengeras suara
624,ğŸ“£,speaker,pembicara,Ã°Å¸â€œÂ£,megaphone,megafon
625,â³,hourglass,jam pasir,Ã¢ÂÂ³,hourglass not done,jam pasir belum selesai
626,âŒ›ï¸,hourglass,jam pasir,Ã¢Å’â€ºÃ¯Â¸Â,hourglass done,jam pasir selesai
627,â°,clock,jam,Ã¢ÂÂ°,alarm clock,jam alarm
628,âŒšï¸,clock,jam,Ã¢Å’Å¡Ã¯Â¸Â,watch,jam tangan
629,ğŸ”“,lock,kunci,Ã°Å¸â€â€œ,unlocked,tidak terkunci
630,ğŸ”’,lock,kunci,Ã°Å¸â€â€™,locked,terkunci
631,ğŸ”,lock,kunci,Ã°Å¸â€Â,locked with pen,dikunci dengan pena
632,ğŸ”,lock,kunci,Ã°Å¸â€Â,locked with key,dikunci dengan kunci
633,ğŸ”‘,lock,kunci,Ã°Å¸â€â€˜,key,kunci
634,ğŸ”,magnify,memperbesar,Ã°Å¸â€Å½,magnifying glass tilted right,kaca pembesar miring ke kanan
635,ğŸ’¡,bulb,bohlam,Ã°Å¸â€™Â¡,light bulb,bolam
636,ğŸ”¦,flashlight,senter,Ã°Å¸â€Â¦,flashlight,senter
637,ğŸ”†,bright,terang,Ã°Å¸â€â€ ,bright button,tombol terang
638,ğŸ”…,bright,terang,Ã°Å¸â€â€¦,dim button,tombol redup
639,ğŸ”Œ,plug,steker,Ã°Å¸â€Å’,electric plug,colokan listrik
640,ğŸ”‹,battery,baterai,Ã°Å¸â€â€¹,battery,baterai
641,ğŸ”,magnify,memperbesar,Ã°Å¸â€Â,magnifying glass tilted left,kaca pembesar miring ke kiri
642,ğŸ›,tub,bak mandi,Ã°Å¸â€ºÂ,bathtub,bak mandi
643,ğŸ›€,tub,bak mandi,Ã°Å¸â€ºâ‚¬,person taking bath,orang sedang mandi
644,ğŸš¿,shower,mandi,Ã°Å¸Å¡Â¿,shower,mandi
645,ğŸš½,toilet,toilet,Ã°Å¸Å¡Â½,toilet,toilet
646,ğŸ”§,wrench,kunci,Ã°Å¸â€Â§,wrench,kunci
647,ğŸ”©,bolt,baut,Ã°Å¸â€Â©,nut and bolt,mur baut
648,ğŸ”¨,hammer,Palu,Ã°Å¸â€Â¨,hammer,Palu
649,ğŸšª,door,pintu,Ã°Å¸Å¡Âª,door,pintu
650,ğŸš¬,cigarette,rokok,Ã°Å¸Å¡Â¬,cigarette,rokok
651,ğŸ’£,bomb,bom,Ã°Å¸â€™Â£,bomb,bom
652,ğŸ”«,gun,senjata,Ã°Å¸â€Â«,water pistol,pistol air
653,ğŸ”ª,knife,pisau,Ã°Å¸â€Âª,kitchen knife,pisau dapur
654,ğŸ’Š,pill,pil,Ã°Å¸â€™Å ,pill,pil
655,ğŸ’‰,needle,jarum,Ã°Å¸â€™â€°,syringe,jarum suntik
656,ğŸ’°,money,uang,Ã°Å¸â€™Â°,money bag,tas uang
657,ğŸ’´,money,uang,Ã°Å¸â€™Â´,yen banknote,uang kertas yen
658,ğŸ’µ,money,uang,Ã°Å¸â€™Âµ,dollar banknote,uang kertas dolar
659,ğŸ’·,money,uang,Ã°Å¸â€™Â·,pound banknote,uang kertas pound
660,ğŸ’¶,money,uang,Ã°Å¸â€™Â¶,euro banknote,uang kertas euro
661,ğŸ’³,money,uang,Ã°Å¸â€™Â³,credit card,kartu kredit
662,ğŸ’¸,money,uang,Ã°Å¸â€™Â¸,money with wings,uang dengan sayap
663,ğŸ“²,iphone,iPhone,Ã°Å¸â€œÂ²,mobile phone with arrow,ponsel dengan panah
664,ğŸ“§,letter,surat,Ã°Å¸â€œÂ§,e-mail,surel
665,ğŸ“¥,letter,surat,Ã°Å¸â€œÂ¥,inbox tray,baki kotak masuk
666,ğŸ“¤,letter,surat,Ã°Å¸â€œÂ¤,outbox tray,baki kotak keluar
667,âœ‰ï¸,letter,surat,Ã¢Å“â€°Ã¯Â¸Â,envelope,amplop
668,ğŸ“©,letter,surat,Ã°Å¸â€œÂ©,envelope with arrow,amplop dengan panah
669,ğŸ“¨,letter,surat,Ã°Å¸â€œÂ¨,incoming envelope,amplop masuk
670,ğŸ“¯,horn,klakson,Ã°Å¸â€œÂ¯,postal horn,klakson pos
671,ğŸ“«,letter,surat,Ã°Å¸â€œÂ«,closed mailbox with raised flag,kotak surat tertutup dengan bendera terangkat
672,ğŸ“ª,letter,surat,Ã°Å¸â€œÂª,closed mailbox with lowered flag,kotak surat tertutup dengan bendera diturunkan
673,ğŸ“¬,letter,surat,Ã°Å¸â€œÂ¬,open mailbox with raised flag,buka kotak surat dengan bendera terangkat
674,ğŸ“­,letter,surat,Ã°Å¸â€œÂ­,open mailbox with lowered flag,buka kotak surat dengan bendera diturunkan
675,ğŸ“®,letter,surat,Ã°Å¸â€œÂ®,postbox,kotak pos
676,ğŸ“¦,letter,surat,Ã°Å¸â€œÂ¦,package,kemasan
677,ğŸ“,office,kantor,Ã°Å¸â€œÂ,memo,memo
678,ğŸ“„,office,kantor,Ã°Å¸â€œâ€,page facing up,halaman menghadap ke atas
679,ğŸ“ƒ,office,kantor,Ã°Å¸â€œÆ’,page with curl,halaman dengan ikal
680,ğŸ“‘,office,kantor,Ã°Å¸â€œâ€˜,bookmark tabs,tab penanda
681,ğŸ“Š,office,kantor,Ã°Å¸â€œÅ ,bar chart,grafik batang
682,ğŸ“ˆ,office,kantor,Ã°Å¸â€œË†,chart increasing,grafik meningkat
683,ğŸ“‰,office,kantor,Ã°Å¸â€œâ€°,chart decreasing,grafik menurun
684,ğŸ“œ,office,kantor,Ã°Å¸â€œÅ“,scroll,menggulir
685,ğŸ“‹,office,kantor,Ã°Å¸â€œâ€¹,clipboard,papan klip
686,ğŸ“…,office,kantor,Ã°Å¸â€œâ€¦,calendar,kalender
687,ğŸ“†,office,kantor,Ã°Å¸â€œâ€ ,tear-off calendar,kalender sobek
688,ğŸ“‡,office,kantor,Ã°Å¸â€œâ€¡,card index,Indeks kartu
689,ğŸ“,office,kantor,Ã°Å¸â€œÂ,file folder,folder berkas
690,ğŸ“‚,office,kantor,Ã°Å¸â€œâ€š,open file folder,buka folder berkas
691,âœ‚ï¸,office,kantor,Ã¢Å“â€šÃ¯Â¸Â,scissors,gunting
692,ğŸ“Œ,office,kantor,Ã°Å¸â€œÅ’,pushpin,peniti
693,ğŸ“,office,kantor,Ã°Å¸â€œÅ½,paperclip,klip kertas
694,âœ’ï¸,office,kantor,Ã¢Å“â€™Ã¯Â¸Â,black nib,ujung pena hitam
695,âœï¸,office,kantor,Ã¢Å“ÂÃ¯Â¸Â,pencil,pensil
696,ğŸ“,office,kantor,Ã°Å¸â€œÂ,straight ruler,penggaris lurus
697,ğŸ“,office,kantor,Ã°Å¸â€œÂ,triangular ruler,penggaris segitiga
698,ğŸ“•,book,buku,Ã°Å¸â€œâ€¢,closed book,buku tertutup
699,ğŸ“—,book,buku,Ã°Å¸â€œâ€”,green book,buku hijau
700,ğŸ“˜,book,buku,Ã°Å¸â€œËœ,blue book,buku Biru
701,ğŸ“™,book,buku,Ã°Å¸â€œâ„¢,orange book,buku oranye
702,ğŸ““,book,buku,Ã°Å¸â€œâ€œ,notebook,buku catatan
703,ğŸ“”,book,buku,Ã°Å¸â€œâ€,notebook with decorative cover,buku catatan dengan sampul dekoratif
704,ğŸ“’,book,buku,Ã°Å¸â€œâ€™,ledger,buku besar
705,ğŸ“š,book,buku,Ã°Å¸â€œÅ¡,books,buku
706,ğŸ“–,book,buku,Ã°Å¸â€œâ€“,open book,Buka buku
707,ğŸ”–,badge,lencana,Ã°Å¸â€â€“,bookmark,penanda buku
708,ğŸ“›,badge,lencana,Ã°Å¸â€œâ€º,name badge,lencana nama
709,ğŸ”¬,science,sains,Ã°Å¸â€Â¬,microscope,mikroskop
710,ğŸ”­,science,sains,Ã°Å¸â€Â­,telescope,teleskop
711,ğŸ“°,news,berita,Ã°Å¸â€œÂ°,newspaper,koran
712,ğŸ¨,art,seni,Ã°Å¸Å½Â¨,artist palette,palet artis
713,ğŸ¬,movie,film,Ã°Å¸Å½Â¬,clapper board,papan genta
714,ğŸ¤,mic,mikrofon,Ã°Å¸Å½Â¤,microphone,mikropon
715,ğŸ§,earphone,earphone,Ã°Å¸Å½Â§,headphone,headphone
716,ğŸ¼,music,musik,Ã°Å¸Å½Â¼,musical score,skor musik
717,ğŸµ,music,musik,Ã°Å¸Å½Âµ,musical note,not musik
718,ğŸ¶,music,musik,Ã°Å¸Å½Â¶,musical notes,not balok
719,ğŸ¹,music,musik,Ã°Å¸Å½Â¹,musical keyboard,papan ketik musik
720,ğŸ»,music,musik,Ã°Å¸Å½Â»,violin,biola
721,ğŸº,music,musik,Ã°Å¸Å½Âº,trumpet,terompet
722,ğŸ·,music,musik,Ã°Å¸Å½Â·,saxophone,saksofon
723,ğŸ¸,music,musik,Ã°Å¸Å½Â¸,guitar,gitar
724,ğŸ‘¾,game,permainan,Ã°Å¸â€˜Â¾,alien monster,monster asing
725,ğŸ®,game,permainan,Ã°Å¸Å½Â®,video game,video game
726,ğŸƒ,game,permainan,Ã°Å¸Æ’Â,joker,pelawak
727,ğŸ´,game,permainan,Ã°Å¸Å½Â´,flower playing cards,kartu remi bunga
728,ğŸ€„ï¸,game,permainan,Ã°Å¸â‚¬â€Ã¯Â¸Â,mahjong red dragon,mahjong naga merah
729,ğŸ²,game,permainan,Ã°Å¸Å½Â²,game die,permainan mati
730,ğŸ¯,game,permainan,Ã°Å¸Å½Â¯,bullseye,tepat sasaran
731,ğŸˆ,sport,olahraga,Ã°Å¸ÂË†,american football,sepak bola Amerika
732,ğŸ€,sport,olahraga,Ã°Å¸Ââ‚¬,basketball,bola basket
733,âš½ï¸,sport,olahraga,Ã¢Å¡Â½Ã¯Â¸Â,soccer ball,sepak bola
734,âš¾ï¸,sport,olahraga,Ã¢Å¡Â¾Ã¯Â¸Â,baseball,baseball
735,ğŸ¾,sport,olahraga,Ã°Å¸Å½Â¾,tennis,tenis
736,ğŸ±,sport,olahraga,Ã°Å¸Å½Â±,pool 8 ball,kolam 8 bola
737,ğŸ‰,sport,olahraga,Ã°Å¸Ââ€°,rugby football,sepak bola rugbi
738,ğŸ³,sport,olahraga,Ã°Å¸Å½Â³,bowling,bowling
739,â›³ï¸,sport,olahraga,Ã¢â€ºÂ³Ã¯Â¸Â,flag in hole,bendera di dalam lubang
740,ğŸšµ,sport,olahraga,Ã°Å¸Å¡Âµ,person mountain biking,orang bersepeda gunung
741,ğŸšµğŸ»,,,Ã°Å¸Å¡ÂµÃ°Å¸ÂÂ»,person mountain biking light skin tone,orang bersepeda gunung warna kulit cerah
742,ğŸšµğŸ¼,,,Ã°Å¸Å¡ÂµÃ°Å¸ÂÂ¼,person mountain biking medium-light skin tone,orang bersepeda gunung warna kulit cerah-sedang
743,ğŸšµğŸ½,,,Ã°Å¸Å¡ÂµÃ°Å¸ÂÂ½,person mountain biking medium skin tone,orang bersepeda gunung warna kulit sedang
744,ğŸšµğŸ¾,,,Ã°Å¸Å¡ÂµÃ°Å¸ÂÂ¾,person mountain biking medium-dark skin tone,orang bersepeda gunung warna kulit gelap-sedang
745,ğŸšµğŸ¿,,,Ã°Å¸Å¡ÂµÃ°Å¸ÂÂ¿,person mountain biking dark skin tone,orang bersepeda gunung warna kulit gelap
746,ğŸš´,sport,olahraga,Ã°Å¸Å¡Â´,person biking,orang bersepeda
747,ğŸš´ğŸ»,,,Ã°Å¸Å¡Â´Ã°Å¸ÂÂ»,person biking light skin tone,orang bersepeda warna kulit cerah
748,ğŸš´ğŸ¼,,,Ã°Å¸Å¡Â´Ã°Å¸ÂÂ¼,person biking medium-light skin tone,orang bersepeda warna kulit cerah-sedang
749,ğŸš´ğŸ½,,,Ã°Å¸Å¡Â´Ã°Å¸ÂÂ½,person biking medium skin tone,orang bersepeda warna kulit sedang
750,ğŸš´ğŸ¾,,,Ã°Å¸Å¡Â´Ã°Å¸ÂÂ¾,person biking medium-dark skin tone,orang bersepeda warna kulit gelap-sedang
751,ğŸš´ğŸ¿,,,Ã°Å¸Å¡Â´Ã°Å¸ÂÂ¿,person biking dark skin tone,orang bersepeda warna kulit gelap
752,ğŸ,sport,olahraga,Ã°Å¸ÂÂ,chequered flag,bendera kotak-kotak
753,ğŸ‡,sport,olahraga,Ã°Å¸Ââ€¡,horse racing,pacuan kuda
754,ğŸ‡ğŸ»,,,Ã°Å¸Ââ€¡Ã°Å¸ÂÂ»,horse racing light skin tone,pacuan kuda warna kulit cerah
755,ğŸ‡ğŸ¼,,,Ã°Å¸Ââ€¡Ã°Å¸ÂÂ¼,horse racing medium-light skin tone,pacuan kuda warna kulit cerah-sedang
756,ğŸ‡ğŸ½,,,Ã°Å¸Ââ€¡Ã°Å¸ÂÂ½,horse racing medium skin tone,balap kuda warna kulit sedang
757,ğŸ‡ğŸ¾,,,Ã°Å¸Ââ€¡Ã°Å¸ÂÂ¾,horse racing medium-dark skin tone,balap kuda warna kulit gelap-sedang
758,ğŸ‡ğŸ¿,,,Ã°Å¸Ââ€¡Ã°Å¸ÂÂ¿,horse racing dark skin tone,balap kuda warna kulit gelap
759,ğŸ†,sport,olahraga,Ã°Å¸Ââ€ ,trophy,piala
760,ğŸ¿,sport,olahraga,Ã°Å¸Å½Â¿,skis,ski
761,ğŸ‚,sport,olahraga,Ã°Å¸Ââ€š,snowboarder,pemain seluncur salju
762,ğŸŠ,sport,olahraga,Ã°Å¸ÂÅ ,person swimming,orang berenang
763,ğŸŠğŸ»,,,Ã°Å¸ÂÅ Ã°Å¸ÂÂ»,person swimming light skin tone,orang berenang warna kulit cerah
764,ğŸŠğŸ¼,,,Ã°Å¸ÂÅ Ã°Å¸ÂÂ¼,person swimming medium-light skin tone,orang yang berenang warna kulit cerah-sedang
765,ğŸŠğŸ½,,,Ã°Å¸ÂÅ Ã°Å¸ÂÂ½,person swimming medium skin tone,orang yang berenang warna kulit sedang
766,ğŸŠğŸ¾,,,Ã°Å¸ÂÅ Ã°Å¸ÂÂ¾,person swimming medium-dark skin tone,orang berenang warna kulit gelap-sedang
767,ğŸŠğŸ¿,,,Ã°Å¸ÂÅ Ã°Å¸ÂÂ¿,person swimming dark skin tone,orang berenang warna kulit gelap
768,ğŸ„,sport,olahraga,Ã°Å¸Ââ€,person surfing,orang berselancar
769,ğŸ„ğŸ»,,,Ã°Å¸Ââ€Ã°Å¸ÂÂ»,person surfing light skin tone,orang berselancar warna kulit terang
770,ğŸ„ğŸ¼,,,Ã°Å¸Ââ€Ã°Å¸ÂÂ¼,person surfing medium-light skin tone,orang berselancar warna kulit cerah sedang
771,ğŸ„ğŸ½,,,Ã°Å¸Ââ€Ã°Å¸ÂÂ½,person surfing medium skin tone,orang berselancar dengan warna kulit sedang
772,ğŸ„ğŸ¾,,,Ã°Å¸Ââ€Ã°Å¸ÂÂ¾,person surfing medium-dark skin tone,orang berselancar dengan warna kulit sedang-gelap
773,ğŸ„ğŸ¿,,,Ã°Å¸Ââ€Ã°Å¸ÂÂ¿,person surfing dark skin tone,orang berselancar warna kulit gelap
774,ğŸ£,sport,olahraga,Ã°Å¸Å½Â£,fishing pole,alat pancing
775,â˜•ï¸,fooddrink,makanan Minuman,Ã¢Ëœâ€¢Ã¯Â¸Â,hot beverage,minuman panas
776,ğŸµ,fooddrink,makanan Minuman,Ã°Å¸ÂÂµ,teacup without handle,cangkir teh tanpa pegangan
777,ğŸ¶,fooddrink,makanan Minuman,Ã°Å¸ÂÂ¶,sake,demi
778,ğŸ¼,fooddrink,makanan Minuman,Ã°Å¸ÂÂ¼,baby bottle,botol bayi
779,ğŸº,fooddrink,makanan Minuman,Ã°Å¸ÂÂº,beer mug,cangkir bir
780,ğŸ»,fooddrink,makanan Minuman,Ã°Å¸ÂÂ»,clinking beer mugs,dentingan gelas bir
781,ğŸ¸,fooddrink,makanan Minuman,Ã°Å¸ÂÂ¸,cocktail glass,gelas koktail
782,ğŸ¹,fooddrink,makanan Minuman,Ã°Å¸ÂÂ¹,tropical drink,minuman tropis
783,ğŸ·,fooddrink,makanan Minuman,Ã°Å¸ÂÂ·,wine glass,gelas anggur
784,ğŸ´,fooddrink,makanan Minuman,Ã°Å¸ÂÂ´,fork and knife,garpu dan pisau
785,ğŸ•,fooddrink,makanan Minuman,Ã°Å¸Ââ€¢,pizza,Pizza
786,ğŸ”,fooddrink,makanan Minuman,Ã°Å¸Ââ€,hamburger,roti isi daging
787,ğŸŸ,fooddrink,makanan Minuman,Ã°Å¸ÂÅ¸,french fries,kentang goreng
788,ğŸ—,fooddrink,makanan Minuman,Ã°Å¸Ââ€”,poultry leg,kaki unggas
789,ğŸ–,fooddrink,makanan Minuman,Ã°Å¸Ââ€“,meat on bone,daging di tulang
790,ğŸ,fooddrink,makanan Minuman,Ã°Å¸ÂÂ,spaghetti,spageti
791,ğŸ›,fooddrink,makanan Minuman,Ã°Å¸Ââ€º,curry rice,nasi kari
792,ğŸ¤,fooddrink,makanan Minuman,Ã°Å¸ÂÂ¤,fried shrimp,udang goreng
793,ğŸ±,fooddrink,makanan Minuman,Ã°Å¸ÂÂ±,bento box,kotak bento
794,ğŸ£,fooddrink,makanan Minuman,Ã°Å¸ÂÂ£,sushi,Sushi
795,ğŸ¥,fooddrink,makanan Minuman,Ã°Å¸ÂÂ¥,fish cake with swirl,kue ikan dengan pusaran
796,ğŸ™,fooddrink,makanan Minuman,Ã°Å¸Ââ„¢,rice ball,bola nasi
797,ğŸ˜,fooddrink,makanan Minuman,Ã°Å¸ÂËœ,rice cracker,kerupuk nasi
798,ğŸš,fooddrink,makanan Minuman,Ã°Å¸ÂÅ¡,cooked rice,Nasi
799,ğŸœ,fooddrink,makanan Minuman,Ã°Å¸ÂÅ“,steaming bowl,mangkuk kukusan
800,ğŸ²,fooddrink,makanan Minuman,Ã°Å¸ÂÂ²,pot of food,sepanci makanan
801,ğŸ¢,fooddrink,makanan Minuman,Ã°Å¸ÂÂ¢,oden,oden
802,ğŸ¡,fooddrink,makanan Minuman,Ã°Å¸ÂÂ¡,dango,dango
803,ğŸ³,fooddrink,makanan Minuman,Ã°Å¸ÂÂ³,cooking,memasak
804,ğŸ,fooddrink,makanan Minuman,Ã°Å¸ÂÅ¾,bread,roti
805,ğŸ©,fooddrink,makanan Minuman,Ã°Å¸ÂÂ©,doughnut,donat
806,ğŸ®,fooddrink,makanan Minuman,Ã°Å¸ÂÂ®,custard,Custard
807,ğŸ¦,fooddrink,makanan Minuman,Ã°Å¸ÂÂ¦,soft ice cream,es krim lembut
808,ğŸ¨,fooddrink,makanan Minuman,Ã°Å¸ÂÂ¨,ice cream,es krim
809,ğŸ§,fooddrink,makanan Minuman,Ã°Å¸ÂÂ§,shaved ice,es serut
810,ğŸ‚,fooddrink,makanan Minuman,Ã°Å¸Å½â€š,birthday cake,kue ulang tahun
811,ğŸ°,fooddrink,makanan Minuman,Ã°Å¸ÂÂ°,shortcake,kue pendek
812,ğŸª,fooddrink,makanan Minuman,Ã°Å¸ÂÂª,cookie,Kue kering
813,ğŸ«,fooddrink,makanan Minuman,Ã°Å¸ÂÂ«,chocolate bar,coklat batangan
814,ğŸ¬,fooddrink,makanan Minuman,Ã°Å¸ÂÂ¬,candy,Permen
815,ğŸ­,fooddrink,makanan Minuman,Ã°Å¸ÂÂ­,lollipop,permen lolipop
816,ğŸ¯,fooddrink,makanan Minuman,Ã°Å¸ÂÂ¯,honey pot,wadah madu
817,ğŸ,fooddrink,makanan Minuman,Ã°Å¸ÂÅ½,red apple,apel merah
818,ğŸ,fooddrink,makanan Minuman,Ã°Å¸ÂÂ,green apple,apel hijau
819,ğŸŠ,fooddrink,makanan Minuman,Ã°Å¸ÂÅ ,tangerine,jeruk keprok
820,ğŸ‹,fooddrink,makanan Minuman,Ã°Å¸Ââ€¹,lemon,lemon
821,ğŸ’,fooddrink,makanan Minuman,Ã°Å¸Ââ€™,cherries,ceri
822,ğŸ‡,fooddrink,makanan Minuman,Ã°Å¸Ââ€¡,grapes,anggur
823,ğŸ‰,fooddrink,makanan Minuman,Ã°Å¸Ââ€°,watermelon,semangka
824,ğŸ“,fooddrink,makanan Minuman,Ã°Å¸Ââ€œ,strawberry,stroberi
825,ğŸ‘,fooddrink,makanan Minuman,Ã°Å¸Ââ€˜,peach,persik
826,ğŸˆ,fooddrink,makanan Minuman,Ã°Å¸ÂË†,melon,melon
827,ğŸŒ,fooddrink,makanan Minuman,Ã°Å¸ÂÅ’,banana,pisang
828,ğŸ,fooddrink,makanan Minuman,Ã°Å¸ÂÂ,pear,pir
829,ğŸ,fooddrink,makanan Minuman,Ã°Å¸ÂÂ,pineapple,nanas
830,ğŸ ,fooddrink,makanan Minuman,Ã°Å¸Â,roasted sweet potato,ubi panggang
831,ğŸ†,fooddrink,makanan Minuman,Ã°Å¸Ââ€ ,eggplant,terong
832,ğŸ…,fooddrink,makanan Minuman,Ã°Å¸Ââ€¦,tomato,tomat
833,ğŸŒ½,fooddrink,makanan Minuman,Ã°Å¸Å’Â½,ear of corn,telinga jagung
834,ğŸ ,building,bangunan,Ã°Å¸Â,house,rumah
835,ğŸ¡,building,bangunan,Ã°Å¸ÂÂ¡,house with garden,rumah dengan taman
836,ğŸ«,building,bangunan,Ã°Å¸ÂÂ«,school,sekolah
837,ğŸ¢,building,bangunan,Ã°Å¸ÂÂ¢,office building,gedung kantor
838,ğŸ£,building,bangunan,Ã°Å¸ÂÂ£,Japanese post office,kantor pos Jepang
839,ğŸ¥,building,bangunan,Ã°Å¸ÂÂ¥,hospital,RSUD
840,ğŸ¦,building,bangunan,Ã°Å¸ÂÂ¦,bank,bank
841,ğŸª,building,bangunan,Ã°Å¸ÂÂª,convenience store,toko serba-ada
842,ğŸ©,building,bangunan,Ã°Å¸ÂÂ©,love hotel,hotel cinta
843,ğŸ¨,building,bangunan,Ã°Å¸ÂÂ¨,hotel,hotel
844,ğŸ’’,building,bangunan,Ã°Å¸â€™â€™,wedding,pernikahan
845,â›ªï¸,building,bangunan,Ã¢â€ºÂªÃ¯Â¸Â,church,gereja
846,ğŸ¬,building,bangunan,Ã°Å¸ÂÂ¬,department store,toko serba ada
847,ğŸ¤,building,bangunan,Ã°Å¸ÂÂ¤,post office,kantor Pos
848,ğŸŒ‡,square,persegi,Ã°Å¸Å’â€¡,sunset,matahari terbenam
849,ğŸŒ†,square,persegi,Ã°Å¸Å’â€ ,cityscape at dusk,pemandangan kota saat senja
850,ğŸ¯,square,persegi,Ã°Å¸ÂÂ¯,Japanese castle,kastil Jepang
851,ğŸ°,square,persegi,Ã°Å¸ÂÂ°,castle,Kastil
852,â›ºï¸,square,persegi,Ã¢â€ºÂºÃ¯Â¸Â,tent,tenda
853,ğŸ­,square,persegi,Ã°Å¸ÂÂ­,factory,pabrik
854,ğŸ—¼,square,persegi,Ã°Å¸â€”Â¼,Tokyo tower,Menara Tokyo
855,ğŸ—¾,square,persegi,Ã°Å¸â€”Â¾,map of Japan,peta Jepang
856,ğŸ—»,square,persegi,Ã°Å¸â€”Â»,mount fuji,Gunung Fuji
857,ğŸŒ„,square,persegi,Ã°Å¸Å’â€,sunrise over mountains,matahari terbit di atas pegunungan
858,ğŸŒ…,square,persegi,Ã°Å¸Å’â€¦,sunrise,matahari terbit
859,ğŸŒƒ,square,persegi,Ã°Å¸Å’Æ’,night with stars,malam dengan bintang
860,ğŸ—½,square,persegi,Ã°Å¸â€”Â½,Statue of Liberty,Patung Liberty
861,ğŸŒ‰,square,persegi,Ã°Å¸Å’â€°,bridge at night,jembatan di malam hari
862,ğŸ ,square,persegi,Ã°Å¸Å½,carousel horse,kuda korsel
863,ğŸ¡,square,persegi,Ã°Å¸Å½Â¡,ferris wheel,kincir ria
864,â›²ï¸,square,persegi,Ã¢â€ºÂ²Ã¯Â¸Â,fountain,air mancur
865,ğŸ¢,square,persegi,Ã°Å¸Å½Â¢,roller coaster,roller coaster
866,ğŸš¢,square,persegi,Ã°Å¸Å¡Â¢,ship,mengirimkan
867,â›µï¸,vehicle,kendaraan,Ã¢â€ºÂµÃ¯Â¸Â,sailboat,perahu layar
868,ğŸš¤,vehicle,kendaraan,Ã°Å¸Å¡Â¤,speedboat,perahu cepat
869,ğŸš£,vehicle,kendaraan,Ã°Å¸Å¡Â£,person rowing boat,orang mendayung perahu
870,âš“ï¸,vehicle,kendaraan,Ã¢Å¡â€œÃ¯Â¸Â,anchor,jangkar
871,ğŸš€,vehicle,kendaraan,Ã°Å¸Å¡â‚¬,rocket,roket
872,âœˆï¸,vehicle,kendaraan,Ã¢Å“Ë†Ã¯Â¸Â,airplane,pesawat terbang
873,ğŸ’º,vehicle,kendaraan,Ã°Å¸â€™Âº,seat,kursi
874,ğŸš,vehicle,kendaraan,Ã°Å¸Å¡Â,helicopter,helikopter
875,ğŸš‚,vehicle,kendaraan,Ã°Å¸Å¡â€š,locomotive,lokomotif
876,ğŸšŠ,vehicle,kendaraan,Ã°Å¸Å¡Å ,tram,trem
877,ğŸš‰,vehicle,kendaraan,Ã°Å¸Å¡â€°,station,stasiun
878,ğŸš,vehicle,kendaraan,Ã°Å¸Å¡Å¾,mountain railway,kereta api gunung
879,ğŸš†,vehicle,kendaraan,Ã°Å¸Å¡â€ ,train,kereta
880,ğŸš„,vehicle,kendaraan,Ã°Å¸Å¡â€,high-speed train,kereta kecepatan tinggi
881,ğŸš…,vehicle,kendaraan,Ã°Å¸Å¡â€¦,bullet train,kereta peluru
882,ğŸšˆ,vehicle,kendaraan,Ã°Å¸Å¡Ë†,light rail,kereta api ringan
883,ğŸš‡,vehicle,kendaraan,Ã°Å¸Å¡â€¡,metro,metro
884,ğŸš,vehicle,kendaraan,Ã°Å¸Å¡Â,monorail,monorel
885,ğŸš‹,vehicle,kendaraan,Ã°Å¸Å¡â€¹,tram car,mobil trem
886,ğŸšƒ,vehicle,kendaraan,Ã°Å¸Å¡Æ’,railway car,gerbong kereta api
887,ğŸš,vehicle,kendaraan,Ã°Å¸Å¡Å½,trolleybus,bis listrik
888,ğŸšŒ,vehicle,kendaraan,Ã°Å¸Å¡Å’,bus,bis
889,ğŸš,vehicle,kendaraan,Ã°Å¸Å¡Â,oncoming bus,bus yang melaju
890,ğŸš™,vehicle,kendaraan,Ã°Å¸Å¡â„¢,sport utility vehicle,kendaraan keperluan olahraga
891,ğŸš˜,vehicle,kendaraan,Ã°Å¸Å¡Ëœ,oncoming automobile,mobil yang melaju
892,ğŸš—,vehicle,kendaraan,Ã°Å¸Å¡â€”,automobile,mobil
893,ğŸš•,vehicle,kendaraan,Ã°Å¸Å¡â€¢,taxi,taksi
894,ğŸš–,vehicle,kendaraan,Ã°Å¸Å¡â€“,oncoming taxi,taksi yang melaju
895,ğŸš›,vehicle,kendaraan,Ã°Å¸Å¡â€º,articulated lorry,truk artikulasi
896,ğŸšš,vehicle,kendaraan,Ã°Å¸Å¡Å¡,delivery truck,truk pengiriman
897,ğŸš¨,vehicle,kendaraan,Ã°Å¸Å¡Â¨,police car light,lampu mobil polisi
898,ğŸš“,vehicle,kendaraan,Ã°Å¸Å¡â€œ,police car,mobil polisi
899,ğŸš”,vehicle,kendaraan,Ã°Å¸Å¡â€,oncoming police car,mobil polisi yang melaju
900,ğŸš’,vehicle,kendaraan,Ã°Å¸Å¡â€™,fire engine,mesin pemadam kebakaran
901,ğŸš‘,vehicle,kendaraan,Ã°Å¸Å¡â€˜,ambulance,ambulans
902,ğŸš,vehicle,kendaraan,Ã°Å¸Å¡Â,minibus,minibus
903,ğŸš²,vehicle,kendaraan,Ã°Å¸Å¡Â²,bicycle,sepeda
904,ğŸš¡,vehicle,kendaraan,Ã°Å¸Å¡Â¡,aerial tramway,jalur trem udara
905,ğŸšŸ,vehicle,kendaraan,Ã°Å¸Å¡Å¸,suspension railway,kereta api suspensi
906,ğŸš ,vehicle,kendaraan,Ã°Å¸Å¡,mountain cableway,kereta gantung gunung
907,ğŸšœ,vehicle,kendaraan,Ã°Å¸Å¡Å“,tractor,traktor
908,ğŸ’ˆ,sign,tanda,Ã°Å¸â€™Ë†,barber pole,tiang tukang cukur
909,ğŸš,sign,tanda,Ã°Å¸Å¡Â,bus stop,pemberhentian bus
910,ğŸ«,sign,tanda,Ã°Å¸Å½Â«,ticket,tiket
911,ğŸš¦,sign,tanda,Ã°Å¸Å¡Â¦,vertical traffic light,lampu lalu lintas vertikal
912,ğŸš¥,sign,tanda,Ã°Å¸Å¡Â¥,horizontal traffic light,lampu lalu lintas horisontal
913,âš ï¸,sign,tanda,Ã¢Å¡ Ã¯Â¸Â,warning,peringatan
914,ğŸš§,sign,tanda,Ã°Å¸Å¡Â§,construction,konstruksi
915,ğŸ”°,sign,tanda,Ã°Å¸â€Â°,Japanese symbol for beginner,Simbol Jepang untuk pemula
916,â›½ï¸,sign,tanda,Ã¢â€ºÂ½Ã¯Â¸Â,fuel pump,pompa bahan bakar
917,ğŸ®,sign,tanda,Ã°Å¸ÂÂ®,red paper lantern,lentera kertas merah
918,ğŸ°,sign,tanda,Ã°Å¸Å½Â°,slot machine,mesin judi
919,â™¨ï¸,sign,tanda,Ã¢â„¢Â¨Ã¯Â¸Â,hot springs,air panas
920,ğŸ—¿,sign,tanda,Ã°Å¸â€”Â¿,moai,moai
921,ğŸª,sign,tanda,Ã°Å¸Å½Âª,circus tent,tenda sirkus
922,ğŸ­,sign,tanda,Ã°Å¸Å½Â­,performing arts,pentas seni
923,ğŸ“,sign,tanda,Ã°Å¸â€œÂ,round pushpin,peniti bulat
924,ğŸš©,sign,tanda,Ã°Å¸Å¡Â©,triangular flag,bendera segitiga
925,ğŸ‡¦ğŸ‡º,flag,bendera,Ã°Å¸â€¡Â¦Ã°Å¸â€¡Âº,Australia,Australia
926,ğŸ‡¦ğŸ‡¹,flag,bendera,Ã°Å¸â€¡Â¦Ã°Å¸â€¡Â¹,Austria,Austria
927,ğŸ‡§ğŸ‡ª,flag,bendera,Ã°Å¸â€¡Â§Ã°Å¸â€¡Âª,Belgium,Belgium
928,ğŸ‡§ğŸ‡·,flag,bendera,Ã°Å¸â€¡Â§Ã°Å¸â€¡Â·,Brazil,Brazil
929,ğŸ‡¨ğŸ‡¦,flag,bendera,Ã°Å¸â€¡Â¨Ã°Å¸â€¡Â¦,Canada,Kanada
930,ğŸ‡¨ğŸ‡±,flag,bendera,Ã°Å¸â€¡Â¨Ã°Å¸â€¡Â±,Chile,Chili
931,ğŸ‡¨ğŸ‡³,flag,bendera,Ã°Å¸â€¡Â¨Ã°Å¸â€¡Â³,China,Cina
932,ğŸ‡¨ğŸ‡´,flag,bendera,Ã°Å¸â€¡Â¨Ã°Å¸â€¡Â´,Colombia,Kolumbia
933,ğŸ‡©ğŸ‡°,flag,bendera,Ã°Å¸â€¡Â©Ã°Å¸â€¡Â°,Denmark,Denmark
934,ğŸ‡«ğŸ‡®,flag,bendera,Ã°Å¸â€¡Â«Ã°Å¸â€¡Â®,Finland,Finlandia
935,ğŸ‡«ğŸ‡·,flag,bendera,Ã°Å¸â€¡Â«Ã°Å¸â€¡Â·,France,Perancis
936,ğŸ‡©ğŸ‡ª,flag,bendera,Ã°Å¸â€¡Â©Ã°Å¸â€¡Âª,Germany,Jerman
937,ğŸ‡­ğŸ‡°,flag,bendera,Ã°Å¸â€¡Â­Ã°Å¸â€¡Â°,Hong Kong SAR China,Hong Kong SAR Cina
938,ğŸ‡®ğŸ‡³,flag,bendera,Ã°Å¸â€¡Â®Ã°Å¸â€¡Â³,India,India
939,ğŸ‡®ğŸ‡©,flag,bendera,Ã°Å¸â€¡Â®Ã°Å¸â€¡Â©,Indonesia,Indonesia
940,ğŸ‡®ğŸ‡ª,flag,bendera,Ã°Å¸â€¡Â®Ã°Å¸â€¡Âª,Ireland,Irlandia
941,ğŸ‡®ğŸ‡±,flag,bendera,Ã°Å¸â€¡Â®Ã°Å¸â€¡Â±,Israel,Israel
942,ğŸ‡®ğŸ‡¹,flag,bendera,Ã°Å¸â€¡Â®Ã°Å¸â€¡Â¹,Italy,Italia
943,ğŸ‡¯ğŸ‡µ,flag,bendera,Ã°Å¸â€¡Â¯Ã°Å¸â€¡Âµ,Japan,Jepang
944,ğŸ‡°ğŸ‡·,flag,bendera,Ã°Å¸â€¡Â°Ã°Å¸â€¡Â·,South Korea,Korea Selatan
945,ğŸ‡²ğŸ‡´,flag,bendera,Ã°Å¸â€¡Â²Ã°Å¸â€¡Â´,Macao SAR China,Makau SAR Cina
946,ğŸ‡²ğŸ‡¾,flag,bendera,Ã°Å¸â€¡Â²Ã°Å¸â€¡Â¾,Malaysia,Malaysia
947,ğŸ‡²ğŸ‡½,flag,bendera,Ã°Å¸â€¡Â²Ã°Å¸â€¡Â½,Mexico,Meksiko
948,ğŸ‡³ğŸ‡±,flag,bendera,Ã°Å¸â€¡Â³Ã°Å¸â€¡Â±,Netherlands,Belanda
949,ğŸ‡³ğŸ‡¿,flag,bendera,Ã°Å¸â€¡Â³Ã°Å¸â€¡Â¿,New Zealand,Selandia Baru
950,ğŸ‡³ğŸ‡´,flag,bendera,Ã°Å¸â€¡Â³Ã°Å¸â€¡Â´,Norway,Norway
951,ğŸ‡µğŸ‡­,flag,bendera,Ã°Å¸â€¡ÂµÃ°Å¸â€¡Â­,Philippines,Filipina
952,ğŸ‡µğŸ‡±,flag,bendera,Ã°Å¸â€¡ÂµÃ°Å¸â€¡Â±,Poland,Polandia
953,ğŸ‡µğŸ‡¹,flag,bendera,Ã°Å¸â€¡ÂµÃ°Å¸â€¡Â¹,Portugal,Portugal
954,ğŸ‡µğŸ‡·,flag,bendera,Ã°Å¸â€¡ÂµÃ°Å¸â€¡Â·,Puerto Rico,Puerto Riko
955,ğŸ‡·ğŸ‡º,flag,bendera,Ã°Å¸â€¡Â·Ã°Å¸â€¡Âº,Russia,Rusia
956,ğŸ‡¸ğŸ‡¦,flag,bendera,Ã°Å¸â€¡Â¸Ã°Å¸â€¡Â¦,Saudi Arabia,Arab Saudi
957,ğŸ‡¸ğŸ‡¬,flag,bendera,Ã°Å¸â€¡Â¸Ã°Å¸â€¡Â¬,Singapore,Singapura
958,ğŸ‡¿ğŸ‡¦,flag,bendera,Ã°Å¸â€¡Â¿Ã°Å¸â€¡Â¦,South Africa,Afrika Selatan
959,ğŸ‡ªğŸ‡¸,flag,bendera,Ã°Å¸â€¡ÂªÃ°Å¸â€¡Â¸,Spain,Spanyol
960,ğŸ‡¸ğŸ‡ª,flag,bendera,Ã°Å¸â€¡Â¸Ã°Å¸â€¡Âª,Sweden,Swedia
961,ğŸ‡¨ğŸ‡­,flag,bendera,Ã°Å¸â€¡Â¨Ã°Å¸â€¡Â­,Switzerland,Swiss
962,ğŸ‡¹ğŸ‡·,flag,bendera,Ã°Å¸â€¡Â¹Ã°Å¸â€¡Â·,Turkey,Turki
963,ğŸ‡¬ğŸ‡§,flag,bendera,Ã°Å¸â€¡Â¬Ã°Å¸â€¡Â§,United Kingdom,Britania Raya
964,ğŸ‡ºğŸ‡¸,flag,bendera,Ã°Å¸â€¡ÂºÃ°Å¸â€¡Â¸,United States,Amerika Serikat
965,ğŸ‡¦ğŸ‡ª,flag,bendera,Ã°Å¸â€¡Â¦Ã°Å¸â€¡Âª,United Arab Emirates,Uni Emirat Arab
966,ğŸ‡»ğŸ‡³,flag,bendera,Ã°Å¸â€¡Â»Ã°Å¸â€¡Â³,Vietnam,Vietnam
967,1ï¸âƒ£,,,1Ã¯Â¸ÂÃ¢Æ’Â£,keycap 1,tutup tombol 1
968,2ï¸âƒ£,,,2Ã¯Â¸ÂÃ¢Æ’Â£,keycap 2,tutup tombol 2
969,3ï¸âƒ£,,,3Ã¯Â¸ÂÃ¢Æ’Â£,keycap 3,tutup tombol 3
970,4ï¸âƒ£,,,4Ã¯Â¸ÂÃ¢Æ’Â£,keycap 4,tutup tombol 4
971,5ï¸âƒ£,,,5Ã¯Â¸ÂÃ¢Æ’Â£,keycap 5,tutup tombol 5
972,6ï¸âƒ£,,,6Ã¯Â¸ÂÃ¢Æ’Â£,keycap 6,tutup tombol 6
973,7ï¸âƒ£,,,7Ã¯Â¸ÂÃ¢Æ’Â£,keycap 7,tutup tombol 7
974,8ï¸âƒ£,,,8Ã¯Â¸ÂÃ¢Æ’Â£,keycap 8,tutup tombol 8
975,9ï¸âƒ£,,,9Ã¯Â¸ÂÃ¢Æ’Â£,keycap 9,tutup tombol 9
976,0ï¸âƒ£,,,0Ã¯Â¸ÂÃ¢Æ’Â£,keycap 0,tutup tombol 0
977,ğŸ”Ÿ,,,Ã°Å¸â€Å¸,keycap 10,tutup tombol 10
978,ğŸ”¢,,,Ã°Å¸â€Â¢,input numbers,memasukkan angka
979,#ï¸âƒ£,pound,pound,#Ã¯Â¸ÂÃ¢Æ’Â£,keycap #,tutup tombol #
980,ğŸ”£,symbols,simbol,Ã°Å¸â€Â£,input symbols,simbol masukan
981,â¬†ï¸,up,ke atas,Ã¢Â¬â€ Ã¯Â¸Â,up arrow,panah atas
982,â¬‡ï¸,down,turun,Ã¢Â¬â€¡Ã¯Â¸Â,down arrow,panah bawah
983,â¬…ï¸,left,kiri,Ã¢Â¬â€¦Ã¯Â¸Â,left arrow,panah kiri
984,â¡ï¸,right,Kanan,Ã¢Å¾Â¡Ã¯Â¸Â,right arrow,panah kanan
985,ğŸ” ,abcd,abcd,Ã°Å¸â€,input latin uppercase,masukan huruf besar latin
986,ğŸ”¡,abcd,abcd,Ã°Å¸â€Â¡,input latin lowercase,masukan huruf latin kecil
987,ğŸ”¤,abc,abc,Ã°Å¸â€Â¤,input latin letters,masukan huruf latin
988,â†—ï¸,upright,jujur,Ã¢â€ â€”Ã¯Â¸Â,up-right arrow,panah kanan atas
989,â†–ï¸,upleft,kiri atas,Ã¢â€ â€“Ã¯Â¸Â,up-left arrow,panah kiri atas
990,â†˜ï¸,downright,benar sekali,Ã¢â€ ËœÃ¯Â¸Â,down-right arrow,panah kanan bawah
991,â†™ï¸,downleft,kiri bawah,Ã¢â€ â„¢Ã¯Â¸Â,down-left arrow,panah kiri bawah
992,â†”ï¸,horiz,cakrawala,Ã¢â€ â€Ã¯Â¸Â,left-right arrow,panah kiri-kanan
993,â†•ï¸,vertical,vertikal,Ã¢â€ â€¢Ã¯Â¸Â,up-down arrow,panah atas-bawah
994,ğŸ”„,loop,lingkaran,Ã°Å¸â€â€,counterclockwise arrows button,tombol panah berlawanan arah jarum jam
995,â—€ï¸,lefttri,kiritri,Ã¢â€”â‚¬Ã¯Â¸Â,reverse button,tombol mundur
996,â–¶ï¸,righttri,benartri,Ã¢â€“Â¶Ã¯Â¸Â,play button,tombol putar
997,ğŸ”¼,uptri,uptri,Ã°Å¸â€Â¼,upwards button,tombol ke atas
998,ğŸ”½,downtri,downtri,Ã°Å¸â€Â½,downwards button,tombol ke bawah
999,â†©ï¸,cueback,isyarat balik,Ã¢â€ Â©Ã¯Â¸Â,right arrow curving left,panah kanan melengkung ke kiri
1000,â†ªï¸,cueforward,isyarat ke depan,Ã¢â€ ÂªÃ¯Â¸Â,left arrow curving right,panah kiri melengkung ke kanan
1001,â„¹ï¸,info,info,Ã¢â€Â¹Ã¯Â¸Â,information,informasi
1002,âª,rewind,memutar ulang,Ã¢ÂÂª,fast reverse button,tombol mundur cepat
1003,â©,fastforward,maju cepat,Ã¢ÂÂ©,fast-forward button,tombol maju cepat
1004,â«,upforward,ke depan,Ã¢ÂÂ«,fast up button,tombol cepat
1005,â¬,downforward,ke bawah,Ã¢ÂÂ¬,fast down button,tombol turun cepat
1006,â¤µï¸,downward,ke bawah,Ã¢Â¤ÂµÃ¯Â¸Â,right arrow curving down,panah kanan melengkung ke bawah
1007,â¤´ï¸,upward,ke atas,Ã¢Â¤Â´Ã¯Â¸Â,right arrow curving up,panah kanan melengkung ke atas
1008,ğŸ†—,ok,Oke,Ã°Å¸â€ â€”,OK button,tombol oke
1009,ğŸ”€,shuffle,acak,Ã°Å¸â€â‚¬,shuffle tracks button,tombol acak trek
1010,ğŸ”,loop,lingkaran,Ã°Å¸â€Â,repeat button,tombol ulangi
1011,ğŸ”‚,looponce,loop sekali,Ã°Å¸â€â€š,repeat single button,ulangi satu tombol
1012,ğŸ†•,new,baru,Ã°Å¸â€ â€¢,NEW button,tombol BARU
1013,ğŸ†™,upexcl,upexcl,Ã°Å¸â€ â„¢,UP! button,KE ATAS! tombol
1014,ğŸ†’,cool,Dingin,Ã°Å¸â€ â€™,COOL button,tombol KEREN
1015,ğŸ†“,free,bebas,Ã°Å¸â€ â€œ,FREE button,tombol GRATIS
1016,ğŸ†–,ng,ng,Ã°Å¸â€ â€“,NG button,tombol NG
1017,ğŸ“¶,bars,bar,Ã°Å¸â€œÂ¶,antenna bars,batang antena
1018,ğŸ¦,movie,film,Ã°Å¸Å½Â¦,cinema,bioskop
1019,ğŸˆ,asian,Asia,Ã°Å¸Ë†Â,Japanese here button,Tombol Jepang di sini
1020,ğŸˆ¯ï¸,asian,Asia,Ã°Å¸Ë†Â¯Ã¯Â¸Â,Japanese reserved button,Tombol reservasi Jepang
1021,ğŸˆ³,asian,Asia,Ã°Å¸Ë†Â³,Japanese vacancy button,Tombol lowongan Jepang
1022,ğŸˆµ,asian,Asia,Ã°Å¸Ë†Âµ,Japanese no vacancy button,Tombol Jepang tidak ada lowongan
1023,ğŸˆ´,asian,Asia,Ã°Å¸Ë†Â´,Japanese passing grade button,Tombol kelulusan kelas Jepang
1024,ğŸˆ²,asian,Asia,Ã°Å¸Ë†Â²,Japanese prohibited button,Tombol terlarang Jepang
1025,ğŸ‰,asian,Asia,Ã°Å¸â€°Â,Japanese bargain button,Tombol tawar-menawar Jepang
1026,ğŸˆ¹,asian,Asia,Ã°Å¸Ë†Â¹,Japanese discount button,Tombol diskon Jepang
1027,ğŸˆº,asian,Asia,Ã°Å¸Ë†Âº,Japanese open for business button,Tombol Jepang terbuka untuk bisnis
1028,ğŸˆšï¸,asian,Asia,Ã°Å¸Ë†Å¡Ã¯Â¸Â,Japanese free of charge button,Tombol Jepang gratis
1029,ğŸš»,menwomen,pria wanita,Ã°Å¸Å¡Â»,restroom,kamar kecil
1030,ğŸš¹,men,laki-laki,Ã°Å¸Å¡Â¹,menâ€™s room,ruangan Pria
1031,ğŸšº,women,wanita,Ã°Å¸Å¡Âº,womenâ€™s room,kamar wanita
1032,ğŸš¼,baby,Sayang,Ã°Å¸Å¡Â¼,baby symbol,simbol bayi
1033,ğŸš¾,wc,toilet,Ã°Å¸Å¡Â¾,water closet,lemari air
1034,ğŸš°,water,air,Ã°Å¸Å¡Â°,potable water,air minum
1035,ğŸš®,trash,sampah,Ã°Å¸Å¡Â®,litter in bin sign,tanda sampah di tempat sampah
1036,ğŸ…¿ï¸,parking,parkir,Ã°Å¸â€¦Â¿Ã¯Â¸Â,P button,tombol P
1037,â™¿ï¸,handicap,rintangan,Ã¢â„¢Â¿Ã¯Â¸Â,wheelchair symbol,simbol kursi roda
1038,ğŸš­,nosmoking,DILARANG MEROKOK,Ã°Å¸Å¡Â­,no smoking,DILARANG MEROKOK
1039,ğŸˆ·,asian,Asia,Ã°Å¸Ë†Â·,Japanese monthly amount button,Tombol jumlah bulanan Jepang
1040,ğŸˆ¸,asian,Asia,Ã°Å¸Ë†Â¸,Japanese application button,Tombol aplikasi Jepang
1041,ğŸˆ‚,asian,Asia,Ã°Å¸Ë†â€š,Japanese service charge button,Tombol biaya layanan Jepang
1042,â“‚ï¸,metro,metro,Ã¢â€œâ€šÃ¯Â¸Â,circled M,dilingkari M
1043,ğŸ›‚,service,melayani,Ã°Å¸â€ºâ€š,passport control,pemeriksaan paspor
1044,ğŸ›„,baggage,bagasi,Ã°Å¸â€ºâ€,baggage claim,pengambilan bagasi
1045,ğŸ›…,lockedbaggage,bagasi terkunci,Ã°Å¸â€ºâ€¦,left luggage,meninggalkan bagasi
1046,ğŸ›ƒ,service,melayani,Ã°Å¸â€ºÆ’,customs,bea cukai
1047,ğŸ‰‘,asian,Asia,Ã°Å¸â€°â€˜,Japanese acceptable button,Tombol yang dapat diterima dalam bahasa Jepang
1048,ãŠ™ï¸,asian,Asia,Ã£Å â„¢Ã¯Â¸Â,Japanese secret button,Tombol rahasia Jepang
1049,ãŠ—ï¸,asian,Asia,Ã£Å â€”Ã¯Â¸Â,Japanese congratulations button,Tombol ucapan selamat dalam bahasa Jepang
1050,ğŸ†‘,cl,sel,Ã°Å¸â€ â€˜,CL button,tombol CL
1051,ğŸ†˜,sos,jadi,Ã°Å¸â€ Ëœ,SOS button,tombol SOS
1052,ğŸ†”,id,pengenal,Ã°Å¸â€ â€,ID button,tombol tanda pengenal
1053,ğŸš«,no,TIDAK,Ã°Å¸Å¡Â«,prohibited,dilarang
1054,ğŸ”,,,Ã°Å¸â€Å¾,no one under eighteen,tidak ada seorang pun yang berusia di bawah delapan belas tahun
1055,ğŸ“µ,cell,sel,Ã°Å¸â€œÂµ,no mobile phones,tidak ada ponsel
1056,ğŸš¯,litter,sampah,Ã°Å¸Å¡Â¯,no littering,dilarang membuang sampah sembarangan
1057,ğŸš±,water,air,Ã°Å¸Å¡Â±,non-potable water,air yang tidak dapat diminum
1058,ğŸš³,bike,sepeda,Ã°Å¸Å¡Â³,no bicycles,tidak ada sepeda
1059,ğŸš·,walk,berjalan,Ã°Å¸Å¡Â·,no pedestrians,tidak ada pejalan kaki
1060,ğŸš¸,child,anak,Ã°Å¸Å¡Â¸,children crossing,anak-anak menyeberang
1061,â›”ï¸,enter,memasuki,Ã¢â€ºâ€Ã¯Â¸Â,no entry,dilarang masuk
1062,âœ³ï¸,star,bintang,Ã¢Å“Â³Ã¯Â¸Â,eight-spoked asterisk,tanda bintang berjari delapan
1063,â‡ï¸,star,bintang,Ã¢Ââ€¡Ã¯Â¸Â,sparkle,berkilau
1064,â,x,X,Ã¢ÂÅ½,cross mark button,tombol tanda silang
1065,âœ…,check,memeriksa,Ã¢Å“â€¦,check mark button,tombol tanda centang
1066,âœ´ï¸,star,bintang,Ã¢Å“Â´Ã¯Â¸Â,eight-pointed star,bintang berujung delapan
1067,ğŸ’Ÿ,heart,jantung,Ã°Å¸â€™Å¸,heart decoration,dekorasi hati
1068,ğŸ†š,vs,vs,Ã°Å¸â€ Å¡,VS button,tombol VS
1069,ğŸ“³,phoneheart,teleponhati,Ã°Å¸â€œÂ³,vibration mode,modus getaran
1070,ğŸ“´,phoneoff,telepon mati,Ã°Å¸â€œÂ´,mobile phone off,ponsel mati
1071,ğŸ…°,a,A,Ã°Å¸â€¦Â°,A button (blood type),Tombol (golongan darah)
1072,ğŸ…±,b,B,Ã°Å¸â€¦Â±,B button (blood type),Tombol B (golongan darah)
1073,ğŸ†,ab,ab,Ã°Å¸â€ Å½,AB button (blood type),Tombol AB (golongan darah)
1074,ğŸ…¾,o,Hai,Ã°Å¸â€¦Â¾,O button (blood type),Tombol O (golongan darah)
1075,ğŸ’ ,diamond,berlian,Ã°Å¸â€™,diamond with a dot,berlian dengan titik
1076,â¿,twoloops,dua putaran,Ã¢Å¾Â¿,double curly loop,lingkaran keriting ganda
1077,â™»ï¸,recycle,mendaur ulang,Ã¢â„¢Â»Ã¯Â¸Â,recycling symbol,simbol daur ulang
1078,â™ˆï¸,zodiac,zodiak,Ã¢â„¢Ë†Ã¯Â¸Â,Aries,Aries
1079,â™‰ï¸,zodiac,zodiak,Ã¢â„¢â€°Ã¯Â¸Â,Taurus,Taurus
1080,â™Šï¸,zodiac,zodiak,Ã¢â„¢Å Ã¯Â¸Â,Gemini,Gemini
1081,â™‹ï¸,zodiac,zodiak,Ã¢â„¢â€¹Ã¯Â¸Â,Cancer,Kanker
1082,â™Œï¸,zodiac,zodiak,Ã¢â„¢Å’Ã¯Â¸Â,Leo,Leo
1083,â™ï¸,zodiac,zodiak,Ã¢â„¢ÂÃ¯Â¸Â,Virgo,Virgo
1084,â™ï¸,zodiac,zodiak,Ã¢â„¢Å½Ã¯Â¸Â,Libra,Libra
1085,â™ï¸,zodiac,zodiak,Ã¢â„¢ÂÃ¯Â¸Â,Scorpio,Scorpio
1086,â™ï¸,zodiac,zodiak,Ã¢â„¢ÂÃ¯Â¸Â,Sagittarius,Sagittarius
1087,â™‘ï¸,zodiac,zodiak,Ã¢â„¢â€˜Ã¯Â¸Â,Capricorn,Capricornus
1088,â™’ï¸,zodiac,zodiak,Ã¢â„¢â€™Ã¯Â¸Â,Aquarius,Aquarius
1089,â™“ï¸,zodiac,zodiak,Ã¢â„¢â€œÃ¯Â¸Â,Pisces,Pisces
1090,â›,zodiac,zodiak,Ã¢â€ºÅ½,Ophiuchus,Ophiuchus
1091,ğŸ”¯,zodiac,zodiak,Ã°Å¸â€Â¯,dotted six-pointed star,bintang berujung enam bertitik
1092,ğŸ§,atm,ATM,Ã°Å¸ÂÂ§,ATM sign,Tanda ATM
1093,ğŸ’¹,yen,yen,Ã°Å¸â€™Â¹,chart increasing with yen,grafik meningkat dengan yen
1094,ğŸ’²,dollar,dolar,Ã°Å¸â€™Â²,heavy dollar sign,tanda dolar yang berat
1095,ğŸ’±,money,uang,Ã°Å¸â€™Â±,currency exchange,penukaran mata uang
1096,Â©,copyright,hak cipta,Ã‚Â©,copyright,hak cipta
1097,Â®,register,daftar,Ã‚Â®,registered,terdaftar
1098,â„¢,tm,tm,Ã¢â€Â¢,trade mark,merek dagang
1099,âŒ,x,X,Ã¢ÂÅ’,cross mark,tanda silang
1100,â€¼ï¸,doubleexcl,pengecualian ganda,Ã¢â‚¬Â¼Ã¯Â¸Â,double exclamation mark,tanda seru ganda
1101,â‰ï¸,exclquestion,pengecualian,Ã¢Ââ€°Ã¯Â¸Â,exclamation question mark,tanda tanya seru
1102,â—ï¸,excl,tidak termasuk,Ã¢Ââ€”Ã¯Â¸Â,red exclamation mark,tanda seru merah
1103,â“,question,pertanyaan,Ã¢Ââ€œ,red question mark,tanda tanya merah
1104,â•,grayexcl,abu-abu kecuali,Ã¢Ââ€¢,white exclamation mark,tanda seru berwarna putih
1105,â”,grayquestion,pertanyaan abu-abu,Ã¢Ââ€,white question mark,tanda tanya putih
1106,â­•ï¸,o,Hai,Ã¢Â­â€¢Ã¯Â¸Â,hollow red circle,lingkaran merah berongga
1107,ğŸ”,top,atas,Ã°Å¸â€Â,TOP arrow,Panah ATAS
1108,ğŸ”š,end,akhir,Ã°Å¸â€Å¡,END arrow,panah AKHIR
1109,ğŸ”™,back,kembali,Ã°Å¸â€â„¢,BACK arrow,panah KEMBALI
1110,ğŸ”›,on,pada,Ã°Å¸â€â€º,ON! arrow,PADA! anak panah
1111,ğŸ”œ,soon,segera,Ã°Å¸â€Å“,SOON arrow,SEGERA panah
1112,ğŸ”ƒ,loop,lingkaran,Ã°Å¸â€Æ’,clockwise vertical arrows,panah vertikal searah jarum jam
1113,ğŸ•›,time,waktu,Ã°Å¸â€¢â€º,twelve oâ€™clock,jam dua belas
1114,ğŸ•§,time,waktu,Ã°Å¸â€¢Â§,twelve-thirty,dua belas tiga puluh
1115,ğŸ•,time,waktu,Ã°Å¸â€¢Â,one oâ€™clock,jam satu
1116,ğŸ•œ,time,waktu,Ã°Å¸â€¢Å“,one-thirty,pukul satu tiga puluh
1117,ğŸ•‘,time,waktu,Ã°Å¸â€¢â€˜,two oâ€™clock,jam dua
1118,ğŸ•,time,waktu,Ã°Å¸â€¢Â,two-thirty,dua tiga puluh
1119,ğŸ•’,time,waktu,Ã°Å¸â€¢â€™,three oâ€™clock,jam tiga
1120,ğŸ•,time,waktu,Ã°Å¸â€¢Å¾,three-thirty,tiga tiga puluh
1121,ğŸ•“,time,waktu,Ã°Å¸â€¢â€œ,four oâ€™clock,Jam empat
1122,ğŸ•Ÿ,time,waktu,Ã°Å¸â€¢Å¸,four-thirty,pukul empat tiga puluh
1123,ğŸ•”,time,waktu,Ã°Å¸â€¢â€,five oâ€™clock,jam lima
1124,ğŸ• ,time,waktu,Ã°Å¸â€¢,five-thirty,lima tiga puluh
1125,ğŸ••,time,waktu,Ã°Å¸â€¢â€¢,six oâ€™clock,jam enam
1126,ğŸ•–,time,waktu,Ã°Å¸â€¢â€“,seven oâ€™clock,jam tujuh
1127,ğŸ•—,time,waktu,Ã°Å¸â€¢â€”,eight oâ€™clock,jam delapan
1128,ğŸ•˜,time,waktu,Ã°Å¸â€¢Ëœ,nine oâ€™clock,jam sembilan
1129,ğŸ•™,time,waktu,Ã°Å¸â€¢â„¢,ten oâ€™clock,jam sepuluh
1130,ğŸ•š,time,waktu,Ã°Å¸â€¢Å¡,eleven oâ€™clock,jam sebelas tepat
1131,ğŸ•¡,time,waktu,Ã°Å¸â€¢Â¡,six-thirty,jam enam tiga puluh
1132,ğŸ•¢,time,waktu,Ã°Å¸â€¢Â¢,seven-thirty,tujuh tigapuluh
1133,ğŸ•£,time,waktu,Ã°Å¸â€¢Â£,eight-thirty,jam delapan tiga puluh
1134,ğŸ•¤,time,waktu,Ã°Å¸â€¢Â¤,nine-thirty,sembilan tiga puluh
1135,ğŸ•¥,time,waktu,Ã°Å¸â€¢Â¥,ten-thirty,jam sepuluh tiga puluh
1136,ğŸ•¦,time,waktu,Ã°Å¸â€¢Â¦,eleven-thirty,sebelas tiga puluh
1137,âœ–ï¸,math,matematika,Ã¢Å“â€“Ã¯Â¸Â,multiply,berkembang biak
1138,â•,math,matematika,Ã¢Å¾â€¢,plus,plus
1139,â–,math,matematika,Ã¢Å¾â€“,minus,dikurangi
1140,â—,math,matematika,Ã¢Å¾â€”,divide,membagi
1141,â™ ï¸,card,kartu,Ã¢â„¢ Ã¯Â¸Â,spade suit,setelan sekop
1142,â™¥ï¸,card,kartu,Ã¢â„¢Â¥Ã¯Â¸Â,heart suit,setelan hati
1143,â™£ï¸,card,kartu,Ã¢â„¢Â£Ã¯Â¸Â,club suit,setelan klub
1144,â™¦ï¸,card,kartu,Ã¢â„¢Â¦Ã¯Â¸Â,diamond suit,setelan berlian
1145,ğŸ’®,card,kartu,Ã°Å¸â€™Â®,white flower,bunga putih
1146,ğŸ’¯,card,kartu,Ã°Å¸â€™Â¯,hundred points,seratus poin
1147,âœ”ï¸,check,memeriksa,Ã¢Å“â€Ã¯Â¸Â,check mark,Tanda cek
1148,â˜‘ï¸,check,memeriksa,Ã¢Ëœâ€˜Ã¯Â¸Â,check box with check,kotak centang dengan centang
1149,ğŸ”˜,radio,radio,Ã°Å¸â€Ëœ,radio button,tombol radio
1150,ğŸ”—,paperclip,klip kertas,Ã°Å¸â€â€”,link,tautan
1151,â°,loop,lingkaran,Ã¢Å¾Â°,curly loop,lingkaran keriting
1152,ã€°,wiggle,menggoyangkan,Ã£â‚¬Â°,wavy dash,garis bergelombang
1153,ã€½ï¸,wiggle,menggoyangkan,Ã£â‚¬Â½Ã¯Â¸Â,part alternation mark,tanda pergantian bagian
1154,ğŸ”±,flourant,subur,Ã°Å¸â€Â±,trident emblem,lambang trisula
1155,â—¼ï¸,button,tombol,Ã¢â€”Â¼Ã¯Â¸Â,black medium square,kotak sedang hitam
1156,â—»ï¸,button,tombol,Ã¢â€”Â»Ã¯Â¸Â,white medium square,kotak sedang berwarna putih
1157,â—¾ï¸,button,tombol,Ã¢â€”Â¾Ã¯Â¸Â,black medium-small square,kotak hitam sedang-kecil
1158,â—½ï¸,button,tombol,Ã¢â€”Â½Ã¯Â¸Â,white medium-small square,kotak putih sedang-kecil
1159,â–ªï¸,button,tombol,Ã¢â€“ÂªÃ¯Â¸Â,black small square,kotak kecil berwarna hitam
1160,â–«ï¸,button,tombol,Ã¢â€“Â«Ã¯Â¸Â,white small square,kotak kecil berwarna putih
1161,ğŸ”º,button,tombol,Ã°Å¸â€Âº,red triangle pointed up,segitiga merah menunjuk ke atas
1162,ğŸ”²,button,tombol,Ã°Å¸â€Â²,black square button,tombol kotak hitam
1163,ğŸ”³,button,tombol,Ã°Å¸â€Â³,white square button,tombol kotak putih
1164,âš«ï¸,button,tombol,Ã¢Å¡Â«Ã¯Â¸Â,black circle,lingkaran hitam
1165,âšªï¸,button,tombol,Ã¢Å¡ÂªÃ¯Â¸Â,white circle,lingkaran putih
1166,ğŸ”´,button,tombol,Ã°Å¸â€Â´,red circle,lingkaran merah
1167,ğŸ”µ,button,tombol,Ã°Å¸â€Âµ,blue circle,lingkaran biru
1168,ğŸ”»,button,tombol,Ã°Å¸â€Â»,red triangle pointed down,segitiga merah menunjuk ke bawah
1169,â¬œï¸,button,tombol,Ã¢Â¬Å“Ã¯Â¸Â,white large square,persegi besar berwarna putih
1170,â¬›ï¸,button,tombol,Ã¢Â¬â€ºÃ¯Â¸Â,black large square,kotak hitam besar
1171,ğŸ”¶,button,tombol,Ã°Å¸â€Â¶,large orange diamond,berlian oranye besar
1172,ğŸ”·,button,tombol,Ã°Å¸â€Â·,large blue diamond,berlian biru besar
1173,ğŸ”¸,button,tombol,Ã°Å¸â€Â¸,small orange diamond,berlian oranye kecil
1174,ğŸ”¹,button,tombol,Ã°Å¸â€Â¹,small blue diamond,berlian biru kecil
1175,ğŸ––,Vulcan,hormat,Ã°Å¸â€“â€“,vulcan salute,salut vulkan
1176,ğŸ––ğŸ»,Vulcan,hormat,Ã°Å¸â€“â€“Ã°Å¸ÂÂ»,vulcan salute light skin tone,vulcan salut warna kulit cerah
1177,ğŸ––ğŸ¼,Vulcan,hormat,Ã°Å¸â€“â€“Ã°Å¸ÂÂ¼,vulcan salute medium-light skin tone,vulcan salut warna kulit cerah sedang
1178,ğŸ––ğŸ½,Vulcan,hormat,Ã°Å¸â€“â€“Ã°Å¸ÂÂ½,vulcan salute medium skin tone,salut vulcan warna kulit sedang
1179,ğŸ––ğŸ¾,Vulcan,hormat,Ã°Å¸â€“â€“Ã°Å¸ÂÂ¾,vulcan salute medium-dark skin tone,vulcan salut warna kulit sedang-gelap
1180,ğŸ––ğŸ¿,Vulcan,hormat,Ã°Å¸â€“â€“Ã°Å¸ÂÂ¿,vulcan salute dark skin tone,vulcan salut warna kulit gelap